Company,Founder/CEO,Approx no. Employees,Change In Rank,Years on Fortune 500,BW logo URL,White on Black,Theme color,Theme Image
Walmart,"Sam Walton, Doug McMillon","2,100,000",–,29,https://cdn-icons-png.flaticon.com/512/5968/5968594.png,,,
Saudi Aramco,Amin H. Nasser,"70,496",4,5,https://encrypted-tbn0.gstatic.com/images?q=tbn:ANd9GcS7BfvbERL6nmzDIPiIBW94NaZKwd7u6Azpg2oM9S7jYOjmazWqbkF7gGzN-OFzABBY_Pk&usqp=CAU,,,
State Grid,Xin Baoan,"870,287",–,23,https://www.pngkey.com/png/full/101-1014482_state-grid-logo-png-background-logo-da-state.png,,,
Amazon,"Jeff Bezos, Andy Jassy","1,541,000",-2,15,https://seeklogo.com/images/A/amazon-icon-logo-5D44CF81DD-seeklogo.com.png,TRUE,,
China National Petroleum,Zhou Jiping,"1,087,049",-1,23,https://encrypted-tbn0.gstatic.com/images?q=tbn:ANd9GcSJS8R4-TV_zMsW_7QTNcFfnJxcKhI5pcWWVXCOLHIDhDNm4PI4VstbJPggSNru0h3AvGo&usqp=CAU,,,
Sinopec Group,Zhao Dong,"527,487",-1,25,https://iconape.com/wp-content/png_logo_vector/sinopec-group.png,,,
Exxon Mobil,Darren W. Woods,"62,000",5,29,https://www.pngkit.com/png/detail/278-2781029_exxonmobil-logo-black-and-white-exxon-mobil-logo.png,,,
Apple,"Steve Jobs (deceased), Tim Cook","164,000",-1,21,https://seeklogo.com/images/A/apple-logo-E3DBF3AE34-seeklogo.com.png,,,
Shell,"Marcus Samuel, Wael Sawan","93,000",6,29,https://cdn.freebiesupply.com/logos/large/2x/shell-8-logo-png-transparent.png,,,
UnitedHealth Group,"Richard T. Burke, Andrew Witty","400,000",1,27,https://financialmodelingprep.com/image-stock/UNH.png,TRUE,,
CVS Health,Karen S. Lynch,"259,500",-1,28,https://uspto.report/TM/90239500/APP20201010081424/2.jpeg,,,
Trafigura Group,"Jeremy Weir, Jeremy Weir","12,347",7,9,https://mma.prnewswire.com/media/530559/Trafigura_Logo.jpg?p=twitter,,,
China State Construction Engineering,Yu Tao,"382,492",-4,12,https://e7.pngegg.com/pngimages/595/727/png-clipart-architectural-engineering-civil-engineering-china-state-construction-engineering-business-blue-angle-thumbnail.png,,,
Berkshire Hathaway,"Warren Buffett, Warren Buffett","383,000",–,27,"https://images.crunchbase.com/image/upload/c_pad,f_auto,q_auto:eco,dpr_1/vsnwi4ppyv3n8p3u9y9o",,,
Volkswagen,Oliver Blume,"675,805",-7,29,https://1000logos.net/wp-content/uploads/2019/12/Volkswagen-Logo-1948.png,,,
Uniper,Michael D. Lewis,"7,008",–,5,https://quartr.com/_next/image?url=https%3A%2F%2Ffiles.quartr.com%2Fcompany-icons%2FSquare%25201x%2FUniper%2520SE%2520-%2520Square.png&w=256&q=100,TRUE,,
Alphabet,"Larry Page, Sergey Brin, Sundar Pichai","190,234",–,15,https://www.sec.gov/Archives/edgar/data/1652044/000130817919000205/lgoogx2x1.jpg,,gold,silicon
McKesson,"John McKesson Charles M. Olcott, Brian S.Tyler","48,000",-2,29,https://encrypted-tbn0.gstatic.com/images?q=tbn:ANd9GcTpMjoASY23sDs6eLPq93u74m9wIOdHH7nZyQ&s,,,
Toyota Motor,"Kiichiro Toyoda, Kōji Satō","375,235",-6,29,https://logos-world.net/wp-content/uploads/2020/05/Toyota-Logo-2020-present.png,,,
TotalEnergies,Patrick Pouyanné,"101,279",7,29,https://www.mm.be/userfiles/media/1622383159apture-d-ecran-2021-05-30-a-15.58.06.jpg,,,
Glencore,Gary Nagle,"81,706",2,13,"https://res.cloudinary.com/benchmarkminerals/images/f_auto,q_auto,w_800,h_418,c_fill,g_auto/v1672358017/www-production/glencore-logo/glencore-logo.png?_i=AA",,,
BP,"William Knox D’Arcy Charles Greenway, Murray Auchincloss","67,600",13,29,https://logos-world.net/wp-content/uploads/2020/08/BP-Logo-2000-present.jpg,,,
Chevron,Mike Wirth,"43,846",14,29,https://logos-world.net/wp-content/uploads/2021/08/Chevron-Emblem.png,,,
Cencora,Steven H. Collis,"41,500",-3,24,https://uspto.report/TM/98330228/mark,,,
Samsung Electronics,"Lee Byung-chul, Kyung Kye-hyun","270,372",-7,29,https://banner2.cleanpng.com/20180711/jfx/aawlbx5jf.webp,,,
Costco Wholesale,"James Sinegal (retired), Jeffrey Brotman(retired), Mr. Vachris","304,000",–,29,https://upload.wikimedia.org/wikipedia/commons/thumb/5/59/Costco_Wholesale_logo_2010-10-26.svg/1280px-Costco_Wholesale_logo_2010-10-26.svg.png,,,
Hon Hai Precision Industry,Mr. Young Liu,"767,062",-7,19,https://static.brandirectory.com/logos/hony001_hon_hai_precision_industry.png,,,
Industrial & Commercial Bank of China,Gu Shu,"427,587",-6,25,"https://ih1.redbubble.net/image.838190981.5457/flat,750x,075,f-pad,750x1000,f8f8f8.u1.jpg",,,
China Construction Bank,Mr. Zhang Jianguo,"376,682",-5,24,https://encrypted-tbn0.gstatic.com/images?q=tbn:ANd9GcSl6qKijZanhMMKjA1IscA337DptIWNIlvMog&s,,,
Microsoft,"Bill Gates (stepped down), Satya Nadella","221,000",3,26,https://cdn.icon-icons.com/icons2/2845/PNG/512/microsoft_logo_icon_181372.png,,,
Stellantis,Carlos Tavares,"272,367",-2,18,https://1000logos.net/wp-content/uploads/2024/04/Stellantis-Emblem.png,,,
Agricultural Bank of China,Zhao Huan,"452,258",-4,24,https://e7.pngegg.com/pngimages/228/782/png-clipart-agricultural-bank-of-china-vedanta-hedging-agriculture-logo-world.png,,,
Ping An Insurance,Sean Li,"344,223",-8,14,https://1000logos.net/wp-content/uploads/2023/01/Ping-An-logo.png,,,
Cardinal Health,Mike Kaufmann,"46,035",2,26,https://i.pinimg.com/originals/d5/d9/2b/d5d92bc9f7235717c7a6deefaf2371b5.png,,,
Cigna,David Cordani,"70,231",-5,28,https://upload.wikimedia.org/wikipedia/en/thumb/5/5f/Cigna_logo.svg/440px-Cigna_logo.svg.png,,,
Marathon Petroleum,Michael J. Hennigan,"17,800",13,12,https://upload.wikimedia.org/wikipedia/commons/thumb/2/24/Marathon_Petroleum_logo_2022.svg/300px-Marathon_Petroleum_logo_2022.svg.png,,,
Phillips 66,"Brothers Frank, L.E. Phillips, Mark Lashier","13,000",37,11,https://4vector.com/i/free-vector-phillips66-logo_090389_Phillips66_logo.png,,,
Sinochem Holdings,Mr. Jiao,"223,448",-7,2,https://media.licdn.com/dms/image/C560BAQE2VgNiKflAWw/company-logo_200_200/0/1630639979601/_logo?e=2147483647&v=beta&t=BsLarxAeS_7ksY_eA3ZWpc4O5CkczUn4vledWJW4zZI,,,
China Railway Engineering Group,Robert M. Glickmann,"314,792",-5,9,https://media.licdn.com/dms/image/C4E0BAQGaG2QGbksZpQ/company-logo_200_200/0/1630639557920/china_railway_group_limited_logo?e=2147483647&v=beta&t=HF_WuVUGZTlPWrGn0XHNwp1fxVgQzbHEdRvqR5VVTLk,,,
Valero Energy,"William Greehey, Lane Riggs","9,743",42,23,https://logosandtypes.com/wp-content/uploads/2020/08/Valero-Energy.png,,,
Gazprom,Alexey Miller,"468,000",11,27,https://upload.wikimedia.org/wikipedia/en/thumb/1/11/Gazprom-Logo.svg/1200px-Gazprom-Logo.svg.png,,,
China National Offshore Oil,Li Fanrong,"81,775",23,17,https://mma.prnewswire.com/media/2051221/CNOOC_Logo_Logo.jpg?p=twitter,,,
China Railway Construction,Robert M. Glickmann,"342,098",-4,12,https://upload.wikimedia.org/wikipedia/en/9/94/Crcc_china_logo.png,,,
China Baowu Steel Group,Chen Derong,"245,675",–,20,https://ceowatermandate.org/wp-content/uploads/2018/11/baowu-logo.jpg,,,
Mitsubishi,"Yataro Iwasaki, Takao Kato","79,706",-4,29,https://encrypted-tbn0.gstatic.com/images?q=tbn:ANd9GcT1UhIIi8vUH3GqJM3bwXfKbin4VilnZMTHjQ&s,,,
Ford Motor,"Henry Ford (deceased), Jim Farley","173,000",7,29,https://cdn.iconscout.com/icon/free/png-256/free-ford-3215404-2673822.png?f=webp&w=256,,,
Mercedes-Benz Group,Ola Källenius,"168,797",-9,29,https://encrypted-tbn0.gstatic.com/images?q=tbn:ANd9GcQvRKKLUkCpL_SvSDsPNjea7cjYOgbL9YREDQ&s,,,
Home Depot,"Bernard Marcus, Ted Decker","471,600",-5,29,https://media.designrush.com/inspiration_images/134928/conversions/_1508165135_16_Home-Depot-emblem-mobile.jpg,,,
Bank of China,"Chen Jintao, Liu Liange","306,182",-7,29,https://seeklogo.com/images/B/bank-of-china-limited-logo-AE2D6559AA-seeklogo.com.png,,,
General Motors,"William C. Durant (deceased), Mary Barra","167,000",14,29,https://www.factoriesinspace.com/img/thumb2/thumbnail_GM-logo-2021.jpg,,,
Elevance Health,Gail Boudreaux,"102,300",-1,22,https://1000logos.net/wp-content/uploads/2023/02/Elevance-Health-logo.png,,,
JD.com,"Richard Liu Qiangdong, Richard Liu Qiangdong","450,679",-6,8,https://seeklogo.com/images/J/jd-logo-3811E3BE5A-seeklogo.com.png,,,
JPMorgan Chase,"J. Pierpont Morgan, Jamie Dimon","293,723",10,29,https://upload.wikimedia.org/wikipedia/commons/thumb/c/c9/Logo_of_JPMorganChase_2024.svg/440px-Logo_of_JPMorganChase_2024.svg.png,,,
China Life Insurance,Dairen Lin,"180,619",-14,21,https://cdn.logoeps.net/wp-content/uploads/2012/03/china-life-insurance-logo.jpg,,,
Electricité de France,Luc Rémont,"165,028",40,29,https://upload.wikimedia.org/wikipedia/commons/thumb/1/12/%C3%89lectricit%C3%A9_de_France_logo.svg/440px-%C3%89lectricit%C3%A9_de_France_logo.svg.png,,,
Equinor,Anders Opedal,"21,936",58,29,https://encrypted-tbn0.gstatic.com/images?q=tbn:ANd9GcSjiLIKAKJIXQjYlIOFOP1-CdmMECNAweqGtjlN-WphTNuGLpc6mIa85S3ZRWqo8h1fSCk&usqp=CAU,,,
BMW,"Carl Rapp, Oliver Zipse","149,475",2,29,https://www.destroyordie.com/cdn/shop/collections/Black_Square_1200x1200.jpg?v=1626184768,TRUE,,
Kroger,"Bernard Kroger (deceased),Rodney McMullen","430,000",-7,29,https://www.thekrogerco.com/wp-content/uploads/2019/11/kroger-logo-white-small.png,TRUE,,
Enel,Flavio Cattaneo,"65,124",31,29,https://upload.wikimedia.org/wikipedia/commons/thumb/2/22/Enel_Group_logo.svg/400px-Enel_Group_logo.svg.png,,,
Centene,SARAH M. LONDON,"74,300",6,8,https://1000logos.net/wp-content/uploads/2021/07/Centene-Logo.jpg,,,
ENI,"Enrico Mattei, Claudio Descalzi","32,188",50,29,https://thumbs.dreamstime.com/b/eni-logo-eni-logo-station-vector-format-available-ai-petrol-pump-gas-station-petrol-station-134361242.jpg,,,
China Mobile Communications,Mr. Dong Xin,"452,202",-5,23,https://encrypted-tbn2.gstatic.com/images?q=tbn:ANd9GcTcG0UM_eje6OaJ104Oq-R-fhGCvDstNIWxymCSfBqLtoc8hcts,,,
China Communications Construction,Liu Qitao,"221,017",-3,16,https://www.jobnet.com.mm/image/o9SXyF4kPWv_4nhtaCnNLF7UNW_ctaPmBHa0DH2NGgcsoLPKz_sIDdzLc5VKicjN-WRbZP1p5P8=,,,
Verizon Communications,Hans Vestberg,"117,100",-10,29,https://logos-world.net/wp-content/uploads/2020/10/Verizon-Emblem.png,,,
China Minmetals,Mr Liangang Li,"183,298",-7,17,https://imgqn.smm.cn/production/admin/company/GxWcD20210416162751.png,,,
Walgreens Boots Alliance,Tim Wentworth,"262,500",-21,29,https://www.boots-uk.com/media/5681/wba-logo.png,,,
Allianz,"Carl von Thieme, Oliver Bäte","159,253",-20,29,https://thecitylifer.com/blog/wp-content/uploads/sites/4/2022/11/Allianz-Logo-Black-Small.png,,,
Alibaba Group Holding,"Jack Ma, Joseph Tsai, Eddie Wu","235,216",-13,7,https://www.svgrepo.com/show/473521/alibaba.svg,,,
Xiamen C&D,Zhang Jianhong,"40,959",8,7,https://www.cndlogistics.com/templates/dist/img/l-bg.png,TRUE,,
Honda Motor,"Soichiro Honda (deceased), Toshihiro Mibe","197,039",-9,29,https://static.vecteezy.com/system/resources/thumbnails/020/499/857/small_2x/honda-logo-brand-symbol-black-design-japan-car-automobile-illustration-free-vector.jpg,,,
Petrobras,Jean Paul Prates,"45,149",57,29,https://cdn.freebiesupply.com/logos/large/2x/petrobras-6-logo-png-transparent.png,,,
Shandong Energy Group,Li Wei,"232,841",-3,6,"https://images.crunchbase.com/image/upload/c_pad,f_auto,q_auto:eco,dpr_1/876c31aff750068fafa4",,,
E.ON,Leonhard Birnbaum,"69,378",39,29,https://felipe-design.de/wp-content/uploads/2019/05/felipe_design_customers_logo_eon.jpg,,,
China Resources,Mr. Wang,"379,944",-4,14,https://chinaconnect.be/wp-content/uploads/china-connect-logo-huarun.png,,,
Fannie Mae,Priscilla Almodovar,"8,000",18,26,https://cdn.worldvectorlogo.com/logos/fannie-mae.svg,,,
China Energy Investment,Wang Xiangxi,"310,753",9,14,https://www.zoeess.com/static/img/about/partbg3.png,,,
Comcast,"Ralph J. Roberts (deceased), Brian L. Roberts","186,000",-4,21,https://i.pinimg.com/originals/6a/db/d3/6adbd3ff5b21bf275028eae71db288aa.jpg,,,
AT&T,"Alexander Graham Bell (deceased), John Stankey","160,700",-46,29,https://generatoricon.com/_next/image/?url=https%3A%2F%2Fstorage.googleapis.com%2Ficon_svgs%2Fphotos%2Ftech-brand-logos-mo%2Fat-and-t_341622.png&w=1080&q=75,,,
Deutsche Telekom,Timotheus Höttges,"206,759",-17,29,https://cdn.worldvectorlogo.com/logos/telekom.svg,,,
Pemex,"Lázaro Cárdenas, Octavio Romero Oropeza","120,054",86,29,https://www.tseoil.com/wp-content/uploads/2019/03/pemex.png,TRUE,,
Meta Platforms,"Mark Zuckerberg, Andrew McCollum, Mark Zuckerberg","86,482",-10,7,https://encrypted-tbn0.gstatic.com/images?q=tbn:ANd9GcSNFVb4EWIOdxt5ezypYf6Xbjzj-xl69UkLZQ&s,,,
Bank of America,"Amadeo Peter Giannini, Brian Moynihan","216,823",23,29,https://www.bankofamerica.com/homepage/spa-assets/images/assets-images-global-favicon-safari-pinned-tab-CSX1aebeef6.svg,,,
China Southern Power Grid,Meng Zhenping,"271,202",6,19,https://pbs.twimg.com/profile_images/1697532563173392384/d71IAupW_400x400.png,,,
SAIC Motor,Chen Hong,"154,863",-16,12,https://upload.wikimedia.org/wikipedia/commons/thumb/3/30/SAIC_Motor.svg/260px-SAIC_Motor.svg.png,,,
Hyundai Motor,"Chung Ju-Yung, Jung Eui-sun","72,689",7,28,https://www.freepnglogos.com/uploads/hyundai-logo-17.jpg,,,
China Post Group,Billy Chan,"752,547",-5,13,https://icons.veryicon.com/png/o/miscellaneous/common-logo-collection/china-post-2.png,,,
COFCO,David Dong,"103,537",4,29,https://play-lh.googleusercontent.com/QvTmwkdEpAiUE5SNVIrQ8CF2dKOQr9aysfr-8I0UT0T9NBEsOu6e8CE7q-z0B_VScyA=w600-h300-pc0xffffff-pd,,,
Reliance Industries,"Dhirubhai Ambani (deceased), Mukesh Ambani","376,000",16,20,https://www.iconarchive.com/download/i150767/simpleicons-team/simple/relianceindustrieslimited.1024.png,,,
Engie,Catherine MacGregor,"96,454",41,28,https://www.moon-event.fr/wp-content/uploads/2021/01/engie-noir.png,,,
Target,"George D. Dayton (deceased), Brian Cornell","440,000",-3,29,https://corporate.target.com/getmedia/42c10f72-913d-4198-a8c2-8c4f01721928/Target_Bullseye-Logo_Black_transparent.png,,,
AXA,"Claude Bébéar, Thomas Buberl","90,443",-43,29,https://1000logos.net/wp-content/uploads/2017/12/Axa-Logo-1985.png,,,
SK,Chey Tae-won,"124,499",25,8,https://companieslogo.com/img/orig/SKM.D-c992a8ff.png?t=1720244493,TRUE,,
Mitsui,"Mitsui Takatoshi, Kenichi Hori","46,811",-5,29,https://upload.wikimedia.org/wikipedia/commons/2/2e/MITSUI2.png,,,
Indian Oil,S. M. Vaidya,"32,791",48,29,https://www.svgrepo.com/show/517043/indianoil-one.svg,,,
Xiamen ITG Holding Group,Xu Xiaoxi.,"32,856",11,7,https://southernacegroup.com/wp-content/uploads/2023/06/itg-resources-logo.jpg,,,
Itochu,"Chubei Itoh, Masahiro Okafuj","133,051",-18,29,https://companieslogo.com/img/orig/8001.T.D-218425a1.png?t=1720244490,TRUE,,
Dell Technologies,"Michael Dell, Michael Dell","133,000",-11,23,https://static.vecteezy.com/system/resources/previews/021/514/860/non_2x/dell-logo-brand-computer-symbol-white-design-usa-laptop-illustration-with-black-background-free-vector.jpg,TRUE,,
Archer Daniels Midland,"George A. Archer (deceased), John W. Daniels,Juan Luciano","41,181",26,29,https://logos-world.net/wp-content/uploads/2022/05/Archer-Daniels-Midland-Emblem.png,,,
Citigroup,Jane Fraser,"238,104",42,29,https://yt3.googleusercontent.com/5U2IEPX84xgQq6e_rjgczufb4OBJhBJph5r_eZDRzopYOytW5tWE8DcgDV73EXM2yCC0amCS5ns=s900-c-k-c0x00ffffff-no-rj,TRUE,,
CITIC Group,"Rong Yiren, Chang Zhenming","172,761",2,15,https://companieslogo.com/img/orig/0267.HK.D-eddfaefe.png?t=1721149814,TRUE,,
UPS,"James E. Casey, Carol Tomé (CEO)","404,700",-4,29,https://static-00.iconduck.com/assets.00/ups-icon-1721x2048-t5u87sx1.png,,,
Pfizer,"Charles Pfizer, Charles Erhart, Albert Bourla","83,000",35,29,https://cdn-icons-png.freepik.com/512/5968/5968197.png,,,
DHL Group,"Adrian Dalsey, Larry Hillblom, Robert Lynn, Tobias Meyer","554,975",-4,29,https://www.dhlexpress.nl/sites/default/files/styles/grid_image_1x/public/content/images/dhl-group-logo-black.png?itok=TXpr2HcV,,,
Banco Santander,José Antonio Alvarez,"204,300",42,29,https://companieslogo.com/img/orig/BSBR.D-85af4ee5.png?t=1720244491,TRUE,,
PowerChina,Ding Yanzhang,"182,424",-5,12,https://encrypted-tbn0.gstatic.com/images?q=tbn:ANd9GcRkj-DyROuyeavQM6N03JQZHDdbhPnoFgZA3A&s,,,
Nestlé,"Henry Nestlé (deceased), Ulf Mark Schneider","275,000",-3,29,https://1000logos.net/wp-content/uploads/2017/03/Nestle-Logo-2015.png,,,
Life Insurance Corp. of India,"Bipin Das Gupta, Siddharth Mohanty","104,036",-9,2,https://swarajya.gumlet.io/swarajya/2016-02/a724c251-2dcb-4551-8f91-67febd668650/LIC_Logo-18.jpg,TRUE,,
Lowe’s,"Lucius Smith Lowe (deceased), Marvin Ellison","244,500",-7,26,https://i.pinimg.com/originals/2c/01/84/2c01841e75363cbc21eddf7e6279608c.png,,,
NTT (Nippon Telegraph & Telephone),Akira Shimada,"338,651",-26,29,https://companieslogo.com/img/orig/9432.T.D-06a9bf39.png?t=1720244493,TRUE,,
PTT,Auttapol Rerkpiboon,"30,628",67,20,https://companieslogo.com/img/orig/PTTGC.BK.D-11996b53.png?t=1720244493,TRUE,,
Huawei Investment & Holding,"Ren Zhengfei, Ren Zhengfei","207,000",-15,14,https://upload.wikimedia.org/wikipedia/en/thumb/0/04/Huawei_Standard_logo.svg/640px-Huawei_Standard_logo.svg.png,,,
Johnson & Johnson,"Robert Wood Johnson I, James Wood Johnson (deceased), Joaquin Duato","152,700",-5,23,https://cdn-icons-png.freepik.com/512/5968/5968270.png,,,
Sinopharm,Wei Yulin,"201,508",-33,11,https://www.drugdiscoverytrends.com/wp-content/uploads/2021/05/Sinopharm-300x210.png,,,
FedEx,"Frederick W. Smith, Frederick W. Smith","518,249",15,29,https://cdn.freebiesupply.com/logos/large/2x/fedex-logo-black-and-white.png,,,
COSCO Shipping,Xu Lirong,"107,793",12,16,https://encrypted-tbn0.gstatic.com/images?q=tbn:ANd9GcQQyqG8mQ3Epj0N_rgbqsx2JHbD5X3IEdaoEA&s,TRUE,,
Humana,"Wendell Cherry, Bruce D. Broussard","67,100",16,25,https://cdn.freebiesupply.com/logos/thumbs/2x/humana-2-logo.png,,,
Brookfield,"William Mackenzie, Frederick Stark Pearson, Bruce Flatt","202,500",41,7,https://content.influencemap.org//site/data/001/362/1362308.png,,,
Bosch,"Robert Bosch (deceased), Stefan Hartung","421,338",-10,29,https://static-00.iconduck.com/assets.00/bosch-icon-2048x2048-se8sykum.png,,,
BASF,"Friedrich Engelhorn, Martin Brudermüller","111,481",-10,29,https://logos-world.net/wp-content/uploads/2022/06/BASF-Logo.png,,,
People’s Insurance Co. of China,Ting Ke Wang,"177,852",-10,14,https://upload.wikimedia.org/wikipedia/commons/e/eb/Picc.gif?20080207092057,,,
Royal Ahold Delhaize,"Albert Heijn (deceased), Frans Muller","249,000",-6,29,https://cdn.freebiesupply.com/logos/large/2x/ahold-logo-black-and-white.png,,,
ENEOS Holdings,Tomohide Miyata,"44,617",18,29,https://encrypted-tbn3.gstatic.com/images?q=tbn:ANd9GcSOFoQ-3EsUq60fyhvonVgLTWl7w3wbC8zKxAYpzgCn7MMVdXEm,,,
Hengli Group,Fan Hongwei,"170,125",-48,7,https://media.licdn.com/dms/image/C560BAQGR5p6yLeN5cg/company-logo_200_200/0/1630640081592/hengli_group_logo?e=2147483647&v=beta&t=lgHJXOkefbDnZ5e97E22PRO2sZj4wXHrD4MzFINgkXE,,,
Amer International Group,"Wang Wenyin, Wang Wenyin","23,175",-48,11,https://mir-s3-cdn-cf.behance.net/project_modules/max_1200/ef3ea0129202165.61661a3460bc5.png,,,
Carrefour,"Marcel Fournier (deceased), Denis Defforey (deceased), Jacques Defforey (deceased), Alexandre Bompard","334,640",-6,29,https://static.wikia.nocookie.net/logopedia/images/2/22/Carrefour_%28Monochrome%29.svg/revision/latest?cb=20171119060220,,,
Energy Transfer,"Kelcy Warren, Thomas E Long","12,565",58,10,https://companieslogo.com/img/orig/ET-fc8e1346.png?t=1720244491,,,
BNP Paribas,Jean-Laurent Bonnafé,"193,122",-4,29,https://play-lh.googleusercontent.com/98HprxE8ZNgB_TAJtw3CiacyPDUtDcUCaWziAKsN4zl-NPAV6IAycF8W8kqFDB-aGCg=w240-h480-rw,,,
State Farm Insurance,"George J. Mecherle (deceased), Michael Tipsord","60,519",7,29,https://www.svgrepo.com/show/519453/state-farm.svg,,,
Seven & I Holdings,Ryuichi Isaka,"125,701",18,18,https://download.logo.wine/logo/Seven_%26_I_Holdings_Co./Seven_%26_I_Holdings_Co.-Logo.wine.png,,,
HSBC Holdings,"Thomas Sutherland (deceased), Noel Quinn","219,199",19,29,https://encrypted-tbn0.gstatic.com/images?q=tbn:ANd9GcSUEkvT-VqPvYu2D7b5pgkLIRcWXgmpyZ8w6pVB7GvLpMaJ0dmpCij_6XE5gtQsgPkypZc&usqp=CAU,,,
China FAW Group,Qiu Xiandong,"119,487",-52,19,https://1000logos.net/wp-content/uploads/2021/02/FAW-Logo-500x281.png,,,
China Telecommunications,Ke Ruiwen,"392,726",-1,24,https://cdn.iconscout.com/icon/free/png-256/free-china-telecommunications-corporation-2270648-1891175.png?f=webp&w=256,,,
Freddie Mac,Michael DeVito,"7,819",58,27,https://o.quizlet.com/x-atT.0zg0VM.NHtrSKg0A.png,,,
Crédit Agricole,"Alfred Bouvet(deceased), Louis Milcent(deceased), Philippe Brassac","72,758",-50,29,https://cdn.prod.website-files.com/56cf02e3183bcaa02f35e349/64ad34ea2ca618712b5b5539_Credit_Agricole_Logo.png,,,
PepsiCo,"Caleb Bradham (deceased), Ramon Laguarta","315,000",8,29,https://encrypted-tbn3.gstatic.com/images?q=tbn:ANd9GcQ6p0l1S027s9iaRADrutouTAgcm4BG-ekd0aOfBr0ca8bpxiU7,,,
Zhejiang Rongsheng Holding Group,"Li Shuirong, Li Shuirong","23,316",44,3,https://s3-symbol-logo.tradingview.com/rongsheng-petro-ch--600.png,,,
Assicurazioni Generali,"Giuseppe Lazzaro Morpurgo, Philippe Donnet","82,061",-65,29,https://uspto.report/TM/74250553/mark.png,,,
Wuchan Zhongda Group,Min Hua Luo,"24,247",-18,13,https://www.zmi.cn/en/bocweb/m/img/logo.png,TRUE,,
Petronas,Fida Aziz,"49,771",77,27,https://companieslogo.com/img/orig/5183.KL.D-48d659b0.png?t=1720244490,TRUE,,
Sony,"Masaru Ibuka (deceased), Akio Morita (deceased), Kenichiro Yoshida","112,994",-24,29,https://1000logos.net/wp-content/uploads/2021/05/Sony-logo.png,,,
Pertamina,"Ibnu Sutowo,Nicke Widyawati","33,596",82,10,https://www.kibrispdr.org/download?file=https://s3.eu-west-2.wasabisys.com/cdn.kibrispdr.org/data/761/logo-pertamina-hitam-putih-kecil-9.jpg,,,
XMXYG,Zhang Shuili,"15,364",18,6,https://pic.597.com/logo/2017/08/14/17081408321775880.jpg,,,
Christian Dior,"Christian Dior (deceased),Delphine Arnault","180,597",13,23,https://cdn.shopify.com/s/files/1/0388/3771/4989/files/DIOR_EMBLEM_77c9288a-39d8-4f8c-8bb2-54eca167a011_480x480.png?v=1653484092,,,
Wells Fargo,"Henry Wells (deceased), William Fargo (deceased), Charles W. Scharf","238,000",-10,26,https://cdn.freebiesupply.com/logos/large/2x/wells-fargo-logo-black-and-white.png,,,
Walt Disney,"Walt Disney (deceased), Roy O. Disney (deceased), Robert Iger","195,800",38,29,https://www.cynopsis.com/wp-content/uploads/2018/02/disney-logo.png,,,
China North Industries Group,Liu Shiquan,"216,339",-10,14,https://static.wikia.nocookie.net/firearmcentral/images/b/bc/CNGC.svg/revision/latest/thumbnail/width/360/height/360?cb=20220314113000,,,
Tencent Holdings,"Ma Huateng, Ma Huateng","108,436",-26,7,https://cdn.icon-icons.com/icons2/2699/PNG/512/tencent_logo_icon_169619.png,,,
Japan Post Holdings,Hiroya Masuda,"227,369",-54,27,https://seeklogo.com/images/J/japan-post-holdings-logo-A997CD7DDE-seeklogo.com.png,,,
ConocoPhillips,"L.E. Phillips, Isaac E. Blake, Ryan Lance","9,500",135,28,https://seeklogo.com/images/C/ConocoPhillips-logo-FF655041D1-seeklogo.com.png,,,
Aviation Industry Corp. of China,Tan Ruisong,"383,000",-6,15,https://upload.wikimedia.org/wikipedia/fr/thumb/7/70/Aviation_Industry_Corporation_of_China_%28logo%29.png/240px-Aviation_Industry_Corporation_of_China_%28logo%29.png,,,
Maersk Group,"Arnold Peter Møller (deceased), A.P. Moller","104,260",55,20,https://encrypted-tbn0.gstatic.com/images?q=tbn:ANd9GcR6Z8TNpeZBPTFvDEk0C4PXwkd7lykLCGhZhH_ZBRbZEh8CCvwpSRD--6KLVYEPo1KNQzY&usqp=CAU,,,
Tesla,"Elon Musk,Elon Musk","127,855",90,3,https://pngimg.com/d/tesla_logo_PNG16.png,,,
Hitachi,"Namihei Odaira (deceased), Keiji Kojima","322,525",-40,29,https://uspto.report/TM/90808407/mark.png,,,
Procter & Gamble,"William Procter (deceased), James Gamble (deceased), Jon R. Moeller","106,000",–,29,https://images.ctfassets.net/oggad6svuzkv/7JeoBwQ2yw5ZzRaDmSJTe4/62dd073f2d6886870860e823ea4118bd/P_G_Logo_Profile_on_White.png,,,
ArcelorMittal,"Lakshmi Mittal,Aditya Mittal","154,352",-2,19,https://i0.wp.com/upload.wikimedia.org/wikipedia/commons/thumb/0/0f/ArcelorMittal_Bremen_logo.svg/2560px-ArcelorMittal_Bremen_logo.svg.png?ssl=1,,,
Tesco,"Jack Cohen (deceased), Ken Murphy","222,306",-30,29,https://www.annabelkarmel.com/wp-content/uploads/2024/01/tesco-logo-black-and-white.png,,,
Pacific Construction Group,Yan Jiehe,"301,565",-7,10,https://pcgoc.com/wp-content/uploads/2023/08/Untitled-design-5-e1692233399126.png,,,
Oil & Natural Gas,Arun Kumar Singh,"37,047",32,17,https://logodix.com/logo/1686770.png,,,
U.S. Postal Service,"Benjamin Franklin (deceased), Louis DeJoy","576,065",-8,29,https://cdn.freebiesupply.com/logos/large/2x/united-states-postal-service-3-logo-black-and-white.png,,,
Nissan Motor,"Yoshisuke Aikawa (deceased), Makoto Uchida","139,418",1,29,https://truckersagainsttrafficking.org/wp-content/uploads/2020/01/Nissan-logo-720x620-1-300x212.png,,,
Bank of Communications,Liu Jun,"91,823",-6,15,https://cdn.iconscout.com/icon/free/png-256/free-bank-of-communications-2270651-1891178.png,,,
Siemens,"Werner von Siemens (deceased), Roland Busch","311,000",-3,29,https://cdn.freebiesupply.com/logos/large/2x/siemens-3-logo-black-and-white.png,,,
Jinneng Holding Group,Li Guobiao,"470,839",–,11,https://encrypted-tbn0.gstatic.com/images?q=tbn:ANd9GcR-mHbdzX-oUYHsZQp6Wow91M2Vk4d47GkgAjDiyh81_uXAieJx,,,
Albertsons,"Joe Albertson (deceased), Vivek Sankaran","198,650",6,19,https://brandslogos.com/wp-content/uploads/images/large/albertsons-logo-black-and-white.png,,,
Guangzhou Automobile Industry Group,Zeng Qinghong,"119,425",21,11,https://upload.wikimedia.org/wikipedia/commons/d/dc/%D7%9C%D7%95%D7%92%D7%95_%D7%A9%D7%9C_%D7%A7%D7%91%D7%95%D7%A6%D7%AA_GAC.png,,,
Aluminum Corp. of China,Xiong Weiping,"130,416",-27,16,https://seeklogo.com/images/A/aluminum-corporation-of-china-logo-E7A102F6D8-seeklogo.com.png,,,
General Electric,"Thomas Edison (deceased), H. Lawrence Culp Jr.","172,000",-2,29,https://cdn.worldvectorlogo.com/logos/general-electric-black.svg,,,
Taiwan Semiconductor,"Morris Chang, C. C. Wei","73,090",57,9,https://strategyinvest.de/wp-content/uploads/2022/04/TSMC-Logo.png,,,
Shaanxi Coal & Chemical Industry,Yang Zhaoqian,"138,047",40,9,https://s3-symbol-logo.tradingview.com/shaanxi-coal-industry-company-limited--600.png,,,
Munich Re Group,"Carl Thieme (deceased), Joachim Wenning","41,389",-37,29,https://logonature.com/img/gallery/project_411.png,,,
Jiangxi Copper,Zheng Gaoqing,"33,248",5,11,https://s3-symbol-logo.tradingview.com/jiangxi-copper-co-ltd--600.png,,,
Shandong Weiqiao Pioneering Group,"Zhang Hongxia, Zhang Bo","98,100",27,12,https://weiqiaogermany.de/wp-content/uploads/weiqiaogermany_logo.png,,,
China Vanke,Wang Shi,"131,817",5,8,https://image.pitchbook.com/FW3QvdDEp50Ag0WxVovUVxduYvJ1709624747392_200x200,,,
Wilmar International,"Kuok Khoon Hong, Kuok Khoon Hong","100,000",18,15,https://encrypted-tbn0.gstatic.com/images?q=tbn:ANd9GcRMFTPxcYT0BJDNl2MVkvK0nirWmat35XTj9A&s,TRUE,,
China Merchants Group,"Li Hongzhang, Li Jianhong","276,019",-23,6,https://www.cmhk.com/images/2015/zsxxgf/31205.jpg,,,
Toyota Tsusho,"Kiichiro Toyoda (deceased), Ichiro Kashitani","66,944",-4,15,https://seeklogo.com/images/T/toyota-tsusho-logo-9A91F32825-seeklogo.com.png,,,
JBS,"Shanid bin Mohammed, Shanid bin Mohammed","260,000",17,14,https://brand.jbsglobal.com/_next/image/?url=https%3A%2F%2Fbrand-backend.jbsglobal.com%2Fwp-content%2Fuploads%2F2023%2F09%2Fjbs-monocromatica.png&w=1366&q=75,,,
Repsol,Josu Jon Imaz,"23,426",73,29,https://upload.wikimedia.org/wikipedia/commons/d/df/Logo_de_Repsol.jpg,,,
China Merchants Bank,Tian Huiyu,"112,999",-5,12,https://cdn.iconscout.com/icon/free/png-256/free-china-merchants-bank-2270649-1891176.png,,,
BHP Group,Mike Henry,"39,210",33,29,https://encrypted-tbn0.gstatic.com/images?q=tbn:ANd9GcSIOkxirw7pnQQf14Er-v65h8FytTHWD5kcOIkBpXJ8T_01KNZg1DDI8N5Q8UCFxykH8Fg&usqp=CAU,,,
Nippon Life Insurance,Ashish Vohra,"88,528",-17,29,https://brandslogos.com/wp-content/uploads/images/large/nippon-life-insurance-logo-black-and-white.png,,,
Dai-ichi Life Holdings,Tetsuya Kikuta,"60,997",-15,29,https://encrypted-tbn3.gstatic.com/images?q=tbn:ANd9GcRyU8gN3mGg9OdfxkJapgvU-P_4Tif6zssdrA_fln4hWVPSAULq,TRUE,,
MetLife,Michel Khalaf,"45,000",-10,29,https://www.federaltimes.com/resizer//VJ_9ms-9klce7xU8ItvPduARWu4=/800x0/filters:quality(70)/cloudfront-us-east-1.images.arcpublishing.com/mco/YJWWIHNTVZBQVA55FVC6PJF4PY.png,TRUE,,
Roche Group,"Fritz Hoffmann-La Roche (deceased), Thomas Schinecker","103,613",-15,29,https://encrypted-tbn0.gstatic.com/images?q=tbn:ANd9GcTrhXS66EPtMSkzdx2Cof7byUCyKxafxThj8Q&s,TRUE,,
Goldman Sachs Group,"Marcus Goldman, David Solomon","48,500",10,24,https://seeklogo.com/images/G/goldman-sachs-new-2022-white-logo-39E22A40E2-seeklogo.com.png,,,
Sysco,"John Baugh, Kevin Hourican","70,510",75,29,https://moduurn.com/wp-content/uploads/2021/01/Sysco-logo.png,,,
Mitsubishi UFJ Financial Group,"Yataro Iwasaki, Hironori Kamezawa","127,122",53,22,https://encrypted-tbn0.gstatic.com/images?q=tbn:ANd9GcT141nW2loqFUgncdlJSIaWxejwi_BT9MPUzQ&s,,,
Dongfeng Motor,Makoto Uchida,"134,637",-66,14,https://encrypted-tbn0.gstatic.com/images?q=tbn:ANd9GcRQ6op2VeeNQyhgiWV6XTJh1xG6YWuXQ0waoGBScPFNrcIsg0RhAtsaXb2HGqgdHv7c8nI&usqp=CAU,,,
AEON,"Takuya Okada, Motoya Okada","369,404",-41,29,https://brandslogos.com/wp-content/uploads/images/large/aeon-logo-black-and-white.png,,,
Marubeni,"Chubei Itoh, Toshio (Tony) Namiki","49,546",-33,29,https://cdn.freebiesupply.com/logos/large/2x/marubeni-logo-png-transparent.png,,,
China Poly Group,Xu Niansha,"118,007",-10,9,https://media.licdn.com/dms/image/C560BAQFgtJQH-7moLQ/company-logo_200_200/0/1631418832571/poly_property_group_co_ltd_logo?e=2147483647&v=beta&t=C5ZzRMDoeEWvDsBL6cyoEQusT8QuVzfPw8Eks48hCjo,,,
China Pacific Insurance (Group),Fan Fu,"104,502",-10,13,https://companieslogo.com/img/orig/601601.SS-7ba59922.png?t=1720244490,,,
Beijing Automotive Group,Xu Heyi,"95,000",-31,11,"https://static.wixstatic.com/media/f2bf43_908e640f52db46a981ccef5911695c9c~mv2.png/v1/fill/w_1059,h_600,al_c/f2bf43_908e640f52db46a981ccef5911695c9c~mv2.png",,,
Bunge Global,"Johann P. G. Bunge, Gregory A. Heckman","23,000",25,21,https://www.knowde.com/_next/image?url=https%3A%2F%2Fstatic.knowde.com%2Fstatic-home-page%2Fimg%2Fz2%2FTrustedBy_Bunge.png&w=384&q=75,,,
RTX,Gregory J. Hayes,"182,000",2,29,https://wbcollaborative.org/wp-content/uploads/2023/01/RTX-Logo_rgb-black-1024x392.png,,,
Kia,Ho Sung Song,"35,847",16,12,https://bucket.dealervenom.com/2023/05/Kia.png?auto=compress%2Cformat&ixlib=php-3.3.1,,,
Boeing,"William Boeing (deceased), David L. Calhoun","156,000",7,29,https://marketplacedesignoye.s3.ap-south-1.amazonaws.com/boeing-black-icon-vector-logo-bold.png,,,
StoneX Group,"Saul Stone,Sean O’Connor","3,615",129,13,https://wikiwandv2-19431.kxcdn.com/_next/image?url=https://upload.wikimedia.org/wikipedia/commons/thumb/7/72/StoneX_Group_Inc_official_2023_logo.svg/640px-StoneX_Group_Inc_official_2023_logo.svg.png&w=640&q=50,,,
Lockheed Martin,"Allan Lockheed, James Taiclet","116,000",-14,29,https://companieslogo.com/img/orig/LMT.D-a5519d61.png?t=1720244492,TRUE,,
Morgan Stanley,"J.P. Morgan (deceased),James Gorman","82,427",11,26,https://encrypted-tbn0.gstatic.com/images?q=tbn:ANd9GcRT3Xn7-7VVdoTsmW0iVk6-a47Ou4SwXBWaPoV6iJkxXKXeB9NZElDhK2PJ3ZU9lvrFtyw&usqp=CAU,,,
POSCO Holdings,"Park Tae-Joon, Choi Jeong-Woo","38,175",-13,29,https://encrypted-tbn0.gstatic.com/images?q=tbn:ANd9GcQTZGAL0FVP1iKdtGx67rU32rUH_5SJGmqTog&s,TRUE,,
Vinci,"Alexandre Giros and Louis Loucheur, Xavier Huillard","271,648",16,23,https://companieslogo.com/img/orig/DG.PA_BIG.D-8db617a1.png?t=1720244491,TRUE,,
OMV Group,Alfred Stern,"22,308",127,15,https://encrypted-tbn0.gstatic.com/images?q=tbn:ANd9GcQl5CNnUhw5EF6GvqMeL3YiqiN-M9awHL7y-A&s,,,
LG Electronics,"Koo In-hwo, Bong-seok Kwon","74,000",-17,23,https://wallpapers.com/images/hd/l-g-electronics-logo-f9kmx4i2fv6k7yym.jpg,,,
Greenland Holding Group,Yu Liang Zhang,"70,177",-80,12,https://s3-symbol-logo.tradingview.com/greenland-limited--600.png,,,
Country Garden Holdings,"Yang Guoqiang, Yang Huiyan","69,932",-68,7,https://companieslogo.com/img/orig/2007.HK-f1d64658.png?t=1720244490,,,
Itaú Unibanco Holding,Milton Maluhy Filho,"101,094",126,10,https://upload.wikimedia.org/wikipedia/commons/1/19/Ita%C3%BA_Unibanco_logo_2023.svg,,,
Société Générale,Slawomir Krupa,"115,466",12,27,https://brandslogos.com/wp-content/uploads/images/large/societe-generale-logo-black-and-white.png,,,
China Huaneng Group,Shu Yinbiao,"124,588",6,15,https://upload.wikimedia.org/wikipedia/en/thumb/4/41/Huaneng.png/140px-Huaneng.png,,,
Unilever,"William Hesketh Lever (deceased), James Darcy Lever (deceased), Hein Schumacher","127,056",-5,29,https://cdn.icon-icons.com/icons2/3915/PNG/512/unilever_logo_icon_249313.png,,,
Intel,"Robert Noyce (deceased), Gordon Moore, Pat Gelsinger","131,900",-66,29,https://static.vecteezy.com/system/resources/previews/021/496/384/original/intel-logo-brand-software-computer-symbol-black-design-illustration-free-vector.jpg,,,
BYD,"Wang Chuanfu, Wang Chuanfu","570,060",224,2,https://www.leaseplan.com/-/media/leaseplan-digital/int/business/images/brand-pages/brand-logos/byd.png?rev=918aa52ff3f743c2acfca52f90cd7caf,,,
HP,"Bill Hewlett (deceased), Dave Packard (deceased), Enrique Lores","58,000",-11,29,https://cdn.freebiesupply.com/images/large/2x/hewlett-packard-logo-black-and-white.png,,,
Alimentation Couche-Tard,"Alain Bouchard, Brian Hannasch","122,000",94,10,https://cdn.freebiesupply.com/logos/thumbs/2x/couche-tard-1-logo.png,,,
TD Synnex,Rich Hume,"28,500",236,3,https://companieslogo.com/img/orig/SNX.D-e32f6f9b.png?t=1720244494,TRUE,,
Orlen,Daniel Obajtek,"64,494",208,15,https://optimalenergy.pl/media/filemanager/1ee7b126-6ea4-65b4-8502-4f67515c2a58/orlenlogo.webp,,,
Lenovo,"Liu Chuanzhi, Yang Yuanqing","77,000",-46,14,https://brandslogos.com/wp-content/uploads/images/large/lenovo-logo-black-and-white-2.png,,,
Panasonic Holdings,"Konosuke Matsushita (deceased),Yuki Kusumi","233,391",-25,29,https://logolook.net/wp-content/uploads/2022/08/Panasonic-Logo.png,,,
Airbus,"Felix Kracht, Guillaume Faury","134,267",-12,29,https://encrypted-tbn0.gstatic.com/images?q=tbn:ANd9GcR8T9bTuG2GYXchLJK6aXxv-fHqyzQ3XB-ZRj-_TDjT3WMWiu4_,,,
Accenture,"Arthur E. Andersen, Clarence DeLany, Steve Wick, Julie Sweet","721,000",48,22,https://cdn.freebiesupply.com/images/large/2x/accenture-logo-black-and-white.png,,,
Idemitsu Kosan,Shunichi Kito,"16,795",29,29,https://uspto.report/TM/75328447/mark.png,,,
Shenghong Holding Group,Miao Hangen,"39,059",19,4,https://www.spandexfabric.cn/wp-content/uploads/shenghong-logo.png,,,
Industrial Bank,B. Doyle Mitchell Jr,"69,840",-15,11,https://i.pinimg.com/originals/d3/2d/01/d32d018136507dc5697d02974c927300.png,,,
IBM,"Thomas J. Watson (deceased), Charles Ranlett Flint (deceased), Arvind Krishna","303,100",-56,29,https://techfieldday.com/wp-content/uploads/2018/01/IBM-Logo-black-PNG-Transparent.png,,,
Zhejiang Geely Holding Group,"Li Shufu,Mr. Daniel Li Donghui","131,517",4,12,https://wikiwandv2-19431.kxcdn.com/_next/image?url=https://upload.wikimedia.org/wikipedia/commons/thumb/b/bc/Geely_Auto_2023.svg/langsimple-640px-Geely_Auto_2023.svg.png&w=640&q=50,,,
HCA Healthcare,Samuel N. Hazen,"250,500",-5,29,https://d9p7civm2914u.cloudfront.net/wp-content/uploads/2019/11/Logo_HCA.png,TRUE,,
Prudential Financial (U.S.),"John F. Dryden, Charles F. Lowrey","39,583",-52,29,https://banner2.cleanpng.com/20180414/uiq/kisspng-real-estate-investing-prudential-financial-pgim-in-company-5ad1a92382b954.4357933915236897635355.jpg,,,
Louis Dreyfus,"Léopold Louis-Dreyfus, Michael Gelchie","16,300",48,10,https://logowik.com/content/uploads/images/louis-dreyfus-group9613.logowik.com.webp,,,
HBIS Group,Yu Yong,"99,807",-40,15,https://content.influencemap.org//site/data/001/361/1361497.png,,,
Caterpillar,"Benjamin Holt (deceased), C. L. Best (deceased), Jim Umpleby","109,100",35,29,https://cdn.icon-icons.com/icons2/3911/PNG/512/caterpillar_logo_icon_247387.png,,,
Merck (U.S.),"George W. Merck (deceased), Robert M. Davis","68,000",31,29,https://preview.thenewsmarket.com/Previews/NonAssetImages/MR_760/source/cd021895-1a57-4cbc-b5b9-219aa26f385b.png,,,
Deutsche Bahn,Richard Lutz,"324,136",-2,29,https://cdn.icon-icons.com/icons2/3914/PNG/512/deutschebahn_logo_icon_249041.png,,,
Bharat Petroleum,Krishnakumar Gopalan,"9,193",62,20,https://cdn.freebiesupply.com/logos/large/2x/bharat-petroleum-logo-svg-vector.svg,,,
World Kinect,"Ralph Weiser and Jerrold Blair, Patrick O’Brien","5,214",221,11,https://cdn.prod.website-files.com/616d4561024a338efc0472fc/65b12e2f90038d734627fa7d_World%20Kinect%20White%20Logo.png,TRUE,,
State Bank of India,Dinesh Kumar Khara,"235,858",1,18,https://brandslogos.com/wp-content/uploads/images/large/sbi-state-bank-of-india-logo-black-and-white.png,,,
Nippon Steel Corporation,Eiji Hashimoto,"114,029",-22,29,https://www.steelmarketupdate.com/wp-content/uploads/sites/2/2024/01/Nippon-Steel_Logo.png,,,
Energie Baden-Württemberg,Andreas Schell,"25,339",131,13,https://upload.wikimedia.org/wikipedia/commons/e/e5/EnBW-Logo.svg,,,
New York Life Insurance,"James DePeyster Ogden, Craig DeSanto","15,050",25,29,https://1000logos.net/wp-content/uploads/2020/07/New-York-Life-Logo.jpg,,,
Enterprise Products Partners,"Dan L. Duncan,A.J. “Jim” Teague","7,300",104,13,https://encrypted-tbn0.gstatic.com/images?q=tbn:ANd9GcQ1JJUQ4mSfUUwmOZiUBaVfPmYvJwY7jy65lAh4EU-AK2yQcaMjqVFAPvXNd92UIGPmFlY&usqp=CAU,,,
AbbVie,"Richard A. Gonzalez,Richard A. Gonzalez","50,000",-13,8,https://seekvectorlogo.com/wp-content/uploads/2018/01/abbvie-vector-logo.png,,,
Anheuser-Busch InBev,"InBev, Anheuser-Busch, Michel Doukeris","166,632",-2,18,https://www.tvisioninsights.com/hubfs/2022%20Assets%20TMK/Logo-Jun_02-Anheuser-Busch_InBev.png,TRUE,,
Tokyo Electric Power,Tomoaki Kobayakawa,"38,007",48,29,https://brandslogos.com/wp-content/uploads/images/large/tepco-logo-black-and-white.png,,,
Plains GP Holdings,Willie Chiang,"4,100",86,8,https://www.globaldata.com/Uploads/Company/1525073/logo.JPG,,,
Zhejiang Hengyi Group,Mr. Qiu Yibo,"21,261",20,3,https://s3.amazonaws.com/media.mixrank.com/hero-img/293d6242bc72feb7e075df9ac71e3e33,,,
Dow,"Herbert Henry Dow (deceased), Jim Fitterling","37,800",-10,4,https://cdn.freebiesupply.com/logos/large/2x/dow-3-logo-png-transparent.png,,,
Iberdrola,Ignacio S. Galán,"40,090",58,19,https://www.bmcsoftware.cn/content/dam/bmc/logos/third-party/logo-Iberdrola-white.png,TRUE,,
China National Building Material Group,Zhou Yuxian,"208,857",-51,13,https://encrypted-tbn0.gstatic.com/images?q=tbn:ANd9GcTNLFz6bH0ShWcwBZAT15hvsGFiySQdHniD4A&s,,,
American International Group,"Cornelius Vander Starr (deceased), Peter Zaffino","26,200",7,28,https://upload.wikimedia.org/wikipedia/commons/5/50/AIG_new_logo.svg,,,
Talanx,Torsten Leue,"23,669",-5,10,https://nag.ch/gallery/preview/472/1200px-talanxsvg@2x.png,,,
Sberbank,Herman Gref,"210,661",20,16,https://static-00.iconduck.com/assets.00/sberbank-icon-512x465-aahaii7a.png,,,
Banco do Brasil,"John VI of Portugal, Tarciana Medeiros","85,953",214,29,https://cdn.freebiesupply.com/logos/large/2x/banco-do-brasil-01-logo-black-and-white.png,,,
China Electronics Technology Group,Xiong Qunli,"235,912",-19,8,"https://images.crunchbase.com/image/upload/c_pad,h_256,w_256,f_auto,q_auto:eco,dpr_1/ohxnvapkjpndghwqtx17",,,
American Express,Stephen J. Squeri,"77,300",67,29,https://brandslogos.com/wp-content/uploads/images/large/american-express-logo-black-and-white-1.png,,,
Rio Tinto Group,"Hugh Matheson, Jakob Stausholm","53,726",-53,18,https://i0.wp.com/download.logo.wine/logo/Rio_Tinto_(corporation)/Rio_Tinto_(corporation)-Logo.wine.png?ssl=1,,,
Publix Super Markets,"George W. Jenkins (deceased), Kevin Murphy","242,000",28,29,https://ourseniors.net/wp-content/uploads/2024/04/Publix-Logo-4.png,,,
China Energy Engineering Group,Song Hailiang,"116,263",13,10,https://ammoniaenergy.org/wp-content/uploads/2023/05/CEEC.png,,,
Tsingshan Holding Group,Xiang Guangda,"100,982",-19,5,https://encrypted-tbn0.gstatic.com/images?q=tbn:ANd9GcRFMNUEnkd2ut7FEnlieNXp09M36yzTJI_5jQ&s,,,
Korea Electric Power,Seung-Il Cheong,"49,237",-9,29,https://i.namu.wiki/i/dsXGZctGsAwXrXhnkPeJJP43gFij-unmp71rRnIrbCtizuVwUGlX7At_uEDtMyXi8eyd9MQvW9rnZTcF_ow4NA.svg,,,
Koç Holding,"Vehbi Koç (deceased), Levent Çakıroğlu","114,677",98,22,https://encrypted-tbn0.gstatic.com/images?q=tbn:ANd9GcT-KXlcFIGWf6w7dCWrs0OVGmvOuHnH8j8IDQ&s,,,
Shanghai Pudong Development Bank,Zheng Yang,"64,731",-34,11,https://icons.veryicon.com/png/o/miscellaneous/website-icon/pudong-development-bank-4.png,,,
Charter Communications,"Barry Babcock, Jerald Kent, Howard Wood, Christopher L. Winfrey","101,700",-2,7,https://www.pingplotter.com/themes/pingman/images/solutions/thumbs/charter.png,,,
State Power Investment,Wang Binghua,"123,401",-2,12,https://media.licdn.com/dms/image/C4E0BAQEqTsA5RttxZA/company-logo_200_200/0/1630596386389?e=2147483647&v=beta&t=MmERsePiYDCD9s_glW7CWVaGxlvlR-BTeSU-pw9aDYE,,,
Saint-Gobain,Benoît Bazin,"155,685",-11,29,https://www.thebesmartproject.eu/sites/default/files/styles/logo/public/2019-02/logo-saint-gobain-black.png?itok=ElT4D8Uq,,,
Daimler Truck Holding,Martin Daum,"102,888",–,1,https://banner2.cleanpng.com/20180811/hbo/a43a647c81f7e575375ff74b1940270a.webp,,,
Bayer,"Friedrich Bayer (deceased), Johann Friedrich Weskott (deceased), Bill Anderson","101,369",-11,29,https://atlantic-technologies.com/wp-content/uploads/2021/01/Logo-bayer-Black-300x300.png,,,
Tyson Foods,"John W. Tyson (deceased), Donnie King","142,000",26,22,https://metroservicesinc.com/wp-content/uploads/2022/03/336-3362057_home-tyson-foods-logo-white-ergonomics-done-right.png,,,
China United Network Communications,Mac lee,"244,508",–,15,https://cdnlogo.com/logos/c/90/china-unicom.svg,,,
Deere,"John Deere (deceased), John C. May","82,239",50,29,https://www.svgrepo.com/show/330742/johndeere.svg,,,
Shaanxi Yanchang Petroleum (Group),Feng Yinguo,"129,525",-12,11,https://17385162.s21i.faiusr.com/4/ABUIABAEGAAgvMfe3wUo54CROzCsAjisAg.png,,,
Royal Bank of Canada,David I. McKay,"91,427",37,29,https://logos-world.net/wp-content/uploads/2021/02/Royal-Bank-of-Canada-Logo-1962-1974.png,,,
Novartis,"Johann Rudolf Geigy-Gemuseus, Vasant Narasimhan","101,703",-23,29,https://companieslogo.com/img/orig/NVS.D-65537dcb.png?t=1720244493,TRUE,,
China State Shipbuilding,Wang Yongliang,"204,497",-29,3,https://ammoniaenergy.org/wp-content/uploads/2019/12/CSSC_logo.png,,,
Banco Bradesco,"Amador Aguiar (deceased), Marcelo de Araujo Noronha","81,222",166,27,https://companieslogo.com/img/orig/BBD.D-b465bbe4.png?t=1720244490,TRUE,,
"Cisco Systems, Inc.","Leonard Bosack (deceased), Sandy Lerner, Chuck Robbins","83,300",–,24,https://parity.org/wp-content/uploads/2023/02/cisco-logo-white-1024x678.png,,,
Nationwide,Kirt Walker,"24,791",14,29,https://static.wikia.nocookie.net/logopedia/images/8/82/Nationwide_Insurance_%282014%29_%28Print%29.svg/revision/latest/scale-to-width-down/250?cb=20180317044017,,,
Allstate,"General Robert E. Wood, Tom Wilson","54,250",-30,28,"https://static.wixstatic.com/media/d74045_2258e986da9141b7935ed9cfc186facc~mv2.png/v1/fill/w_356,h_200,al_c,q_85,usm_0.66_1.00_0.01,enc_auto/Allstate-Logo.png",,,
Cenovus Energy,Jon McKenzie,"5,998",107,2,https://energyresearchinnovation.ca/wp-content/uploads/2022/01/CVE_white_RGB.png,TRUE,,
Midea Group,"He Xiangjian,Paul Fang","166,243",-33,8,https://northeast.com.sg/wp-content/uploads/2023/07/BrandsLogo_Blue_Midea-1.png,,,
Sinomach,Zhang Xiaolun,"125,370",-55,13,https://sinomach.com.ec/wp-content/uploads/2020/08/logo_2.png,TRUE,,
Delta Air Lines,"Collett E. Woolman, Ed Bastian","95,000",198,28,https://uspto.report/TM/97048804/mark.png,,,
LyondellBasell Industries,Peter Vanacker,"19,300",24,16,https://companieslogo.com/img/orig/LYB.D-79931c09.png?t=1720244492,TRUE,,
Sumitomo,"Shun’ya Tōji, Masayuki Hyodo","78,221",-3,29,https://cdn.freebiesupply.com/logos/large/2x/sumitomo-logo-png-transparent.png,,,
Ansteel Group,Li Zhen,"163,992",-66,10,https://upload.wikimedia.org/wikipedia/commons/thumb/b/b7/Ansteel.svg/2560px-Ansteel.svg.png,,,
Liberty Mutual Insurance Group,Tim Sweeney,"50,000",1,29,https://www.libertyspecialtymarketslatam.com/safari-pinned-tab.svg?v=zXvXgQW92k,,,
TJX,"Bernard Cammarata (deceased), Ernie Herrman","329,000",-5,22,https://www.tramatm.com/_next/image?url=https%3A%2F%2Ftrama-static.s3.eu-central-1.amazonaws.com%2Fimages%2Fhall-of-fame%2Flogos%2F143-logo.png&w=3840&q=75,,,
Renault,"Louis Renault (deceased), Marcel Renault (deceased), Fernand Renault (deceased), Luca de Meo","105,812",-49,29,https://logowik.com/content/uploads/images/renault-new-black5686.logowik.com.webp,,,
Progressive,"Jack Green (deceased), Joseph Lewis (deceased), Peter Lewis (deceased), Tricia Griffith","55,063",-1,10,https://encrypted-tbn0.gstatic.com/images?q=tbn:ANd9GcQwT6vLkaKTCOf4v3SkBVmjBeDLVc6VQrKg9Q&s,,,
Edeka Zentrale,Markus Mosa,"408,900",-32,25,https://d2oto3d7z6t29c.cloudfront.net/profile/transformed/59/38/412590_ea7d90733cc747f6af7e554dc979a5e6.png,,,
Jinchuan Group,Cheng Yonghong,"28,930",50,5,https://www.jinchuan-intl.com/images/logo_white.png,TRUE,,
Tokio Marine Holdings,Satoru Komiya,"43,217",-37,29,https://play-lh.googleusercontent.com/2PhKG9gqonaY3kLIpcwERBFMkKlE8iuUv0E0w4QILjBMiDw5HoV0ltQI36B9j2m7KDY,,,
American Airlines Group,"Charles A. Lindbergh, Robert Isom","129,700",188,28,https://www.pikpng.com/pngl/b/541-5416397_american-airlines-icon-png-download-american-airlines-logo.png,,,
Contemporary Amperex Technology,"Robin Zeng, Robin Zeng","118,914",–,1,https://content.influencemap.org//site/data/001/361/1361509.png,,,
Energi Danmark Group,Louise Hahn,220,–,1,https://www.energidanmark.dk/wp-content/uploads/2023/10/energi-danmark-logo-png-1.png,,,
Toronto-Dominion Bank,"Chewett, Bharat Masrani","94,945",72,24,https://static.seekingalpha.com/uploads/2016/2/26/44052306-14564779421247807.png,,,
SoftBank Group,"Masayoshi Son, Masayoshi Son","63,339",-61,16,https://encrypted-tbn0.gstatic.com/images?q=tbn:ANd9GcTBXIsPJefqNK6qRrkgU5FPQV8g7ptU6inyDyAJDhZzRjN9D0HsIdybDZZ7OqjOCHOP9qc&usqp=CAU,,,
Hanwha,"Kim Chong-hee, Kim Seung-Youn","54,918",10,18,https://www.hanwhavision.com/wp-content/themes/hanwha-vision-2024/assets/2024/img/error.png,,,
ING Group,Steven van Rijswijk,"58,232",128,29,https://encrypted-tbn2.gstatic.com/images?q=tbn:ANd9GcSUQh5wIvwouoB64Qji0AEPXFmVeiq45-nn3WBN8QBJc7NdOQA-,TRUE,,
CHS,Jay D. Debertin,"10,014",64,16,https://banner2.cleanpng.com/20180913/pwt/kisspng-chs-inc-clip-art-minnesota-logo-agriculture-5b9a891025cab4.6665229815368542881548.jpg,,,
Sanofi,Paul Hudson,"91,573",4,19,"https://qtxasset.com/cdn-cgi/image/w=384,h=216,f=auto,fit=crop,g=0.5x0.5/https://qtxasset.com/quartz/qcloud5/media/image/fiercepharma/1643911445/211125_SANOFI_LOGO_RGB.png?VersionId=OMpFG4JDGfUAqlOFOmgnVsWJ9p8X8X.v",,,
Groupe BPCE,Nicolas Namias,"96,936",-18,14,https://www.paytutor.com/img/BPCE-logo.png,,,
Raízen,Ricardo Mussa,"44,738",97,2,https://raizen.spectrumead.com/pluginfile.php/1/theme_space/customlogosidebar/1666215344/logo-raizenn.png,TRUE,,
Vodafone Group,"Gerry Whent, Ernest Harrison, Margherita Della Valle","98,103",-55,24,https://static.vecteezy.com/system/resources/previews/020/927/348/non_2x/vodafone-brand-logo-phone-symbol-white-design-england-mobile-illustration-with-black-background-free-vector.jpg,TRUE,,
Denso,Koji Arima,"164,572",-25,29,https://uspto.report/TM/88625090/mark.png,,,
Performance Food Group,,"34,825",164,3,https://static.stocktitan.net/company-logo/pfgc.png,,,
HD Hyundai,"Chung Ju-yung, Lee Sang-kyun","23,316",–,1,https://assets.weforum.org/organization/image/UBtdYnSQiHccZdOoNe1HrLaDwQ_nOWpnwxob6nNCg50.jpeg,,,
PBF Energy,Thomas J. Nimbley,"3,616",–,2,https://www.tramatm.com/_next/image?url=https%3A%2F%2Ftrama-static.s3.eu-central-1.amazonaws.com%2Fimages%2Fhall-of-fame%2Flogos%2F147-logo.png&w=3840&q=75,,,
Volvo,"Assar Gabrielsson (deceased), Gustaf Larson (deceased), Martin Lundstedt","94,921",16,29,https://logowik.com/content/uploads/images/volvo-new-2021-black1916.jpg,,,
Nike,"Phil Knight(deceased), Bill Bowerman (deceased), John Donahoe","79,100",5,17,https://1000logos.net/wp-content/uploads/2017/03/Nike-Logo-1971-now.png,,,
Bouygues,"Francis Bouygues (deceased), Olivier Roussat","196,154",5,29,https://www.kaliop.com/app/uploads/2019/01/bouygues_black.png,,,
Zhejiang Communications Investment Group,Ruan Liya,"41,757",-8,3,https://p3-sdbk2-media.byteimg.com/tos-cn-i-xv4ileqgde/ce9c894d8d554f0fa799cb0844052fcb~tplv-xv4ileqgde-resize-w:750.image,,,
Best Buy,Richard M. Schulze Corie Barry,"71,100",-53,25,https://cdn.freebiesupply.com/images/large/2x/best-buy-logo-black-transparent.png,,,
Bristol-Myers Squibb,"E. R. Squibb, William McLaren Bristol, John Ripley Myers, Chris Boerner","34,300",-11,20,https://spectrumhired.com/media/com_bsjobs/images/employer/download-6.png,,,
Susun Construction Group,Yan Jiehe,"151,135",-14,2,https://image0.lietou-static.com/bg_white_192x192/5d8c605a28021708fa58b8bc03u.jpg,,,
Ingka Group,"Ingvar Kamprad, Jesper Brodin","177,192",-27,3,https://1000logos.net/wp-content/uploads/2022/12/IKEA-Logo-1967.png,,,
ZF Friedrichshafen,"Ferdinand von Zeppelin, Dr. Holger Klein","161,901",-5,10,https://boldlygo.de/sites/default/files/images/references/logo_btexx-referenz_zf_new.png,TRUE,,
Swiss Re,"Lukas Muehlemann, Christian Mumenthaler","14,408",-20,29,https://cdn1.vc4a.com/media/2017/09/SR_F_Logo_Black1-1.jpg,,,
EXOR Group,"Giovanni Agnelli, John Elkann","80,932",-24,13,https://www.exor.com/sites/default/files/styles/medium/public/companies_logos/LOGO%20BLACK.png?itok=8_WZvqS8,,,
Banco Bilbao Vizcaya Argentaria,Onur Genç,"115,675",34,29,https://querohoje.com/wp-content/uploads/2024/03/Tarjeta-BBVA-Mastercard-Black.png,,,
Orange,"Hans Roger Snook, Christel Heydemann","130,307",-48,29,https://www.kaliop.com/app/uploads/2019/01/orange_black.png,,,
Jingye Group,"Li Ganpo, Li Huiming","31,000",66,3,https://i.ytimg.com/vi/_14qfclrmsU/sddefault.jpg,,,
Sumitomo Mitsui Financial Group,"Toru Nakashima, Masatomo Sumitomo","111,381",67,29,https://images.squarespace-cdn.com/content/v1/5b6a53dbaf2096e0c590b250/1535072851566-XU5S13NBJXZK481IUWOV/logo-sumitomo.gif,,,
GS Caltex,Heo Se Hong,"3,322",148,11,https://encrypted-tbn2.gstatic.com/images?q=tbn:ANd9GcQKB3zI4eQ1SsiZxi-_R56PORfz4dJILr9tAyYbVf-92lVBUlu-,,,
China Huadian,Wen Shugang,"92,857",3,12,https://upload.wikimedia.org/wikipedia/en/7/78/China_Huadian_Corporation%28CHD%29_logo.svg,,,
Veolia Environnement,"Napoléon III, Estelle Brachlianoff","202,210",103,21,https://mir-s3-cdn-cf.behance.net/project_modules/disp/1d590075308705.5c48d6ef22390.png,TRUE,,
Barclays,"John Freame, Thomas Gould, C. S. Venkatakrishnan","87,400",49,29,https://www.svgrepo.com/show/330033/barclays.svg,,,
United Airlines Holdings,"William Boeing, Scott Kirby","92,795",–,26,https://companieslogo.com/img/orig/UAL.D-45780229.png?t=1720244494,TRUE,,
Suncor Energy,"Karl Clark, Rich Kruger","16,558",130,13,https://automationx.ca/wp-content/uploads/2020/02/aa.png,TRUE,,
Thermo Fisher Scientific,"Chester Garfield Fisher, Marc N. Casper","130,000",27,4,https://cdn.prod.website-files.com/5d0ce7a3fddaa9ae223f0f92/5dcb1eed704094104bcf79fb_Thermo_Logo_300x150.png,TRUE,,
China Minsheng Banking,"Jing Shuping, Yingxin Gao","62,615",-56,11,https://img.favpng.com/2/8/16/china-minsheng-bank-industrial-and-commercial-bank-of-china-finance-agricultural-bank-of-china-png-favpng-XB8EXANp02NftG5RUKvgUtskn.jpg,,,
ThyssenKrupp,Martina Merz,"96,494",14,29,https://www.idesis.de/wp-content/uploads/2020/12/Thyssenkrupp_AG_Logo_2015.png,TRUE,,
AstraZeneca,Pascal Soriot,"83,500",50,22,https://cdn-icons-png.freepik.com/512/5968/5968203.png,,,
Vale,Eduardo Bartolomeo,"64,516",-101,17,https://cdn.iconscout.com/icon/free/png-256/free-vale-3442758-2875561.png?f=webp&w=256,,,
Pegatron,Liao Syh-jang,"161,836",-22,11,https://openinventionnetwork.com/wp-content/uploads/2021/02/Pegatron_Logo.jpg,TRUE,,
Qualcomm,"Irwin M. Jacobs (deceased), Andrew Viterbi, Cristiano R. Amon","51,000",95,6,https://seekvectorlogo.com/wp-content/uploads/2018/02/qualcomm-vector-logo.png,,,
Woolworths Group,"Percy Christmas (deceased), Cecil Scott Waine (deceased), Brad Banducci","197,773",-63,27,https://companieslogo.com/img/orig/WOW.AX.D-e7bd77a1.png?t=1720244494,TRUE,,
George Weston,"George Weston (deceased),Galen G. Weston","221,285",-17,29,https://encrypted-tbn3.gstatic.com/images?q=tbn:ANd9GcTto-kBxmE0p_LF5HBZz1MOYvp-2hc6WXmZ4jm3TPlarHDbGv-T,,,
Tata Motors,"Jehangir Ratanji Dadabhoy Tata(deceased), Guenter Butschek","81,811",33,14,https://gallerypng.com/wp-content/uploads/2024/05/black-tata-logo-png-image-300x300.png,,,
Abbott Laboratories,"Dr. Wallace C. Abbott (deceased), Robert B. Ford","115,000",-13,25,https://cdn-icons-png.flaticon.com/512/5968/5968173.png,,,
KB Financial Group,Yoon Jong-Kyoo,"25,876",43,11,https://www.marketscreener.com/static/private-issuer-squared-6PINV.png,,,
SNCF Group,Jean-Pierre Farandou,"276,271",-5,29,https://e7.pngegg.com/pngimages/663/504/png-clipart-transport-express-regional-tgv-sncf-reseau-logo-train-tgv-label-text-thumbnail.png,,,
China South Industries Group,Gong Yande,"156,613",-26,14,https://www.ciie.org/buy/img/virtual/buyer/2021/10/27/3BF6FF25724E1E2F9AF1F98288E127E4.png,,,
Chubb,"Thomas Caldecot Chubb (deceased), Evan G. Greenberg","34,000",-4,7,https://www.liblogo.com/img-logo/ch7492c10f-chubb-logo-chubb-insurance-review-great-service-at-a-high-price-valuepenguin.png,,,
GSK,"Thomas Beecham (deceased), John K. Smith (deceased), Emma Walmsley","69,400",-49,29,https://static.wikia.nocookie.net/logopedia/images/a/aa/GSK_logo_2014_%28print%29.svg/revision/latest/scale-to-width-down/250?cb=20240414044323,,,
Coca-Cola,"John Stith Pemberton (deceased), James Quincey","82,500",15,29,https://brandslogos.com/wp-content/uploads/images/large/coca-cola-logo-black-and-white.png,,,
Quanta Computer,"Barry Lam,Barry Lam","67,979",4,18,https://companieslogo.com/img/orig/2382.TW.D-136a5016.png?t=1720244490,TRUE,,
Fresenius,"Eduard Fresenius, Helen Giza","282,024",-30,14,https://companieslogo.com/img/orig/FMS.D-7c032f94.png?t=1720244491,TRUE,,
UBS Group,Sergio Ermotti,"72,597",-2,29,https://cdn.zonebourse.com/static/instruments-logo-18740542,,,
Jiangsu Shagang Group,Shen Wenrong,"45,203",-57,15,https://encrypted-tbn3.gstatic.com/images?q=tbn:ANd9GcRfyoeV5i-OaOCH7sQ3OPywfQIG-13VY0Uzgt9HdYA8EOsAPDxf,,,
America Movil,"Carlos Slim Helu, Daniel Hajj Aboumrad","176,014",-74,17,https://markettalkz.com/wp-content/uploads/2024/06/AMX-Stock-Price-Prediction.webp,TRUE,,
Mizuho Financial Group,Masahiro Kihara,"51,258",54,23,https://companieslogo.com/img/orig/MFG_BIG.D-e1796877.png?t=1720244492,TRUE,,
Shanghai Construction Group,-.Mr. Xu Zheng,"51,353",-30,4,"https://res.cloudinary.com/protenders/image/upload/s--wmYOgT4_--/c_limit,d_default_logo,dpr_auto,f_auto,fl_progressive:semi,q_auto:eco,w_auto:100/9cea2eb6b996c13aef64fccee7399a91.png",,,
Oracle,"Larry Ellison, Safra Catz","143,000",-4,17,https://encrypted-tbn0.gstatic.com/images?q=tbn:ANd9GcS7kCkZL5y48u9MxCZvcEyBu0bGZ2nSEOegow&s,,,
Rajesh Exports,"Rajesh Mehta, Prashant Mehta",135,84,8,https://evaluateresearch.com/wp-content/plugins/images-thumbnail-sliderv1/imagestoscroll/image002.jpg,,,
Deutsche Bank,"Adelbert Delbrück (deceased), Ludwig Bamberger (deceased), Christian Sewing","84,930",-4,29,https://cdn.icon-icons.com/icons2/3914/PNG/512/deutschebank_logo_icon_249040.png,,,
Telefónica,José María Álvarez-Pallete López,"103,651",-55,29,https://companieslogo.com/img/orig/TEF.D-e2e5cef6.png?t=1720244494,TRUE,,
China National Coal Group,Li Yanjiang,"147,293",-59,4,https://resourcewebsite.singoo.cc/attachment/60d96bc9a0e07.jpg,,,
KDDI,Makoto Takahashi,"49,659",-76,26,https://cdn.freebiesupply.com/logos/large/2x/kddi-logo-black-and-white.png,,,
Zurich Insurance Group,Mario Greco,"59,498",-179,29,https://ih.advfn.com/common/images/company/NO_ZURVY.png,,,
Shanxi Coking Coal Group,Jian Ze Zhao,"214,769",72,10,https://media.licdn.com/dms/image/C560BAQFZfCVUTT1_WA/company-logo_200_200/0/1617259264202?e=2147483647&v=beta&t=611cNXH0v0jgi1k6lyaSXHwxaIO1pwtnTuJJYRqhmQE,,,
Xiaomi,"Lei Jun,Lei Jun","32,543",-94,5,https://cdn.icon-icons.com/icons2/3915/PNG/512/xiaomi_logo_icon_249144.png,,,
Nucor,"Ken Iverson, Leon J. Topalian II","31,400",28,4,https://www.fierf.org/uploaded/tinymce/media/Company%20Logos/Nucor_Black.jpg,,,
Continental,Nikolai Setzer,"199,038",-50,21,https://cdn.freebiesupply.com/logos/large/2x/continental-3-1-logo-black-and-white.png,TRUE,,
New Hope Holding Group,"Liu Yonghao,Rob Bishop","123,933",-7,3,https://newhopegroup.com.au/wp-content/uploads/NHG_Sun.svg,,,
Kuehne + Nagel International,"August Kühne (deceased), Stefan Paul","75,194",32,2,https://companieslogo.com/img/orig/KNIN.SW.D-0e813284.png?t=1720244492,TRUE,,
Enbridge,Greg Ebel,"12,050",10,10,https://encrypted-tbn0.gstatic.com/images?q=tbn:ANd9GcTk6hN2GNlRqKJFUmnHcEICTpe3gPZ-1EHF-w&s,,,
TIAA,"Andrew Carnegie (deceased), Thasunda Brown Duckett","16,070",-19,26,https://cdn.prod.website-files.com/602b1199ad0366aa34b0d515/620547ecec72f493c4a44f4b_tiaa-logo-white.png,TRUE,,
RWE,"Elektrizitäts-Actien-Gesellschaft vorm(deceased), Markus Krebber","18,278",128,27,https://www.rwe.com/-/media/RWE/CMP/RWE-logo-White.png,TRUE,,
China Electronics,Rui Xiaowu,"184,940",-44,13,"https://images.crunchbase.com/image/upload/c_pad,h_256,w_256,f_auto,q_auto:eco,dpr_1/eynjbnuhjsoubwuu5oty",,,
Massachusetts Mutual Life,"George W. Rice (deceased), Roger W. Crandall","10,662",26,26,https://encrypted-tbn0.gstatic.com/images?q=tbn:ANd9GcRkk0GACUuTqKK4hhfmY-z-AgC9eSIOqqujtA&s,,,
L’Oréal,"Eugène Schueller (deceased), Nicolas Hieronimus","87,369",-3,29,https://upload.wikimedia.org/wikipedia/commons/thumb/9/9d/L%27Or%C3%A9al_logo.svg/1280px-L%27Or%C3%A9al_logo.svg.png,,,
LG Chem,Hak Cheol Shin,"40,000",-2,4,https://getinthering.co/wp-content/uploads/2022/04/Capture.png,TRUE,,
Hyundai Mobis,Sung Hwan Cho,"33,125",18,12,https://seeklogo.com/images/H/hyundai-mobis-logo-52AB7BFD01-seeklogo.com.png,,,
Zijin Mining Group,"Chen Jinghe,Chen Jinghe","48,836",34,3,https://i0.wp.com/borskenarodne.com/wp-content/uploads/2022/03/zijin-logo-1.jpg?fit=1200%2C675&ssl=1,,,
Korea Gas,Yeon Hye Choi,"4,254",–,8,https://i0.wp.com/mozambiqueminingpost.com/wp-content/uploads/2017/01/kologo-eps-vector-image.png?fit=1020%2C680&ssl=1,,,
Meiji Yasuda Life Insurance,"Yasuda Zenjirō, Akio Negishi","47,385",2,29,https://encrypted-tbn0.gstatic.com/images?q=tbn:ANd9GcQN5WnH0Ok1ZGs8mPiDSwUk597USDDY96UHeQ&s,,,
Olam Group,"Sunny George Verghese, Sunny George Verghese","62,467",30,3,https://companieslogo.com/img/orig/VC2.SI.D-5ac38b4d.png?t=1720244494,TRUE,,
S.F. Holding,"Dick Wong, Dick Wong","162,823",64,2,https://www.gocomet.com/ega/_next/image?url=https%3A%2F%2Fs3.ap-south-1.amazonaws.com%2Fgocomet-images%2Fcarriers%2Flogo%2Fsfexpress.png&w=384&q=75,,,
CPC,Chen Chin-te,"16,682",97,22,https://upload.wikimedia.org/wikipedia/en/f/f1/CPC_%28A_Premier_Farnell_Company%29_logo.gif,,,
General Dynamics,"John Philip Holland (deceased), Frank Holton (deceased), Theodore R. Timby (deceased), Phebe Novakovic","106,500",-18,23,https://companieslogo.com/img/orig/GD.D-18841bdb.png?t=1720244492,TRUE,,
Guangzhou Municipal Construction Group,Liang Huqing,"44,825",-20,3,https://encrypted-tbn1.gstatic.com/images?q=tbn:ANd9GcS3Lf3GvBgOmcIREmHfW-QVghRnLZerkc-65YS-hfcXLXkMzAaE,,,
China National Nuclear,Lu Tiezhong,"181,700",-17,4,https://pbs.twimg.com/profile_images/1717428250086162432/naY2CY-k_400x400.jpg,,,
JFE Holdings,Eiji Hayashida,"64,241",-24,21,https://seeklogo.com/images/J/jfe-holdings-logo-0A2AF17448-seeklogo.com.png,,,
Intesa Sanpaolo,Carlo Messina,"95,574",-85,25,https://static-00.iconduck.com/assets.00/intesa-icon-256x254-990iscwx.png,,,
MS&AD Insurance Group Holdings,Noriyuki Hara,"38,584",-75,25,https://uspto.report/TM/77875647/mark,,,
China Taiping Insurance Group,Zhang Zhongyi,"68,386",-51,6,https://eodhd.com//img/logos/HK/0966.png,,,
Capital One Financial,"Richard Fairbank, Richard Fairbank","55,943",57,13,https://i0.wp.com/oats.org/wp-content/uploads/2020/04/capitalone_white.png?fit=800%2C278&ssl=1,TRUE,,
HF Sinclair,"HF Sinclair, Timothy Go","5,223",–,1,https://companieslogo.com/img/orig/DINO.D-bdfe3f83.png?t=1720244491,TRUE,,
Phoenix Pharma,"Adolf Merckle, Sven Seidel","35,178",6,13,https://phoenixpharma.co.uk/wp-content/uploads/2022/10/Phoenix-Pharma-Logo_White-e1665654452352.png,TRUE,,
Shudao Investment Group,Tang Yong,"48,713",24,2,https://data.market-clock.com/images/sse_128x128@2x.png,,,
J. Sainsbury,"John James Sainsbury(deceased), Simon Roberts","107,000",-48,29,https://www.seekpng.com/png/full/240-2407375_sainsburys-logo-black-and-white-samsung-logo-white.png,TRUE,,
Shenzhen Investment Holdings,WANG Yuwen,"103,117",-19,4,https://media.licdn.com/dms/image/C560BAQGIp0Z2LSm9rA/company-logo_200_200/0/1630576477860/_logo?e=2147483647&v=beta&t=SSvoNLoNxHv94PGlj93sCuLzu3DbJ_dgL3r9eAXC-Nw,,,
Nutrien,Ken Seitz,"24,700",–,1,https://nutrien-prod-asset.s3.us-east-2.amazonaws.com/s3fs-public/2021-05/Nutrien_Logo_R_White.png,TRUE,,
Dollar General,"J.L. Turner (deceased), Cal Turner (deceased), Todd J. Vasos","170,000",26,6,https://newscenter.dollargeneral.com/assets/2023/09/mobile-logo.png,,,
Magna International,"Frank Stronach, Belinda Stronach, Swamy Kotagiri","158,000",-2,23,https://companieslogo.com/img/orig/MGA_BIG.D-1d56388d.png?t=1637168982,TRUE,,
Jardine Matheson,"William Jardine (deceased), James Matheson (deceased), Benjamin Keswick","425,000",2,24,https://companieslogo.com/img/orig/J36.SI.D-a661e7da.png?t=1720244492,TRUE,,
China Datang,Liang Yongpan,"89,210",15,14,https://www.logo.wine/a/logo/Datang_International_Power_Generation_Company/Datang_International_Power_Generation_Company-Logo.wine.svg,,,
Ecopetrol,Ricardo Roa,"18,903",–,6,https://encrypted-tbn0.gstatic.com/images?q=tbn:ANd9GcQ5EmUpCPrkUce0i5qJNvJxcfNphSMWNXmS8w&s,TRUE,,
X5 Retail Group,Igor Shekhterman,"353,196",79,4,https://companieslogo.com/img/orig/FIVE.ME_BIG.D-8e4278e8.png?t=1720244491,TRUE,,
Power Corp. of Canada,"Arthur J. Nesbitt (deceased), Peter Bronfman (deceased), R. Jeffrey Orr","37,300",-167,25,https://upload.wikimedia.org/wikipedia/commons/thumb/2/23/Power-Corporation-of-Canada-Logo.svg/2048px-Power-Corporation-of-Canada-Logo.svg.png,,,
China Aerospace Science & Industry,Li Yue,"141,260",-59,8,https://www.hao-ax.com/wp-content/uploads/2021/05/CASIC-Logo.png,,,
GasTerra,Annie Krist,101,–,11,https://logos-download.com/wp-content/uploads/2016/05/GasTerra_logo_logotype.png,,,
Longfor Group Holdings,"Wu Yajun,Chen Xuping","31,565",10,3,https://companieslogo.com/img/orig/0960.HK_BIG-9c911ea9.png?t=1720244490,,,
Arrow Electronics,"Maurice J. Caywood (deceased), Sean J. Kerins","22,300",11,10,https://marketplace.connectwise.com/content/images/thumbs/0002044_arrow-electronics_550.png,,,
Occidental Petroleum,"Armand Hammer (deceased), Irvin Oilton (deceased), Vicki Hollub","11,973",–,16,https://www.tramatm.com/_next/image?url=https%3A%2F%2Ftrama-static.s3.eu-central-1.amazonaws.com%2Fimages%2Fhall-of-fame%2Flogos%2F162-logo.png&w=3840&q=75,,,
Caixa Econômica Federal,Gonzalo Gortázar,"86,959",–,3,https://vivariomarrecife.com.br/wp-content/uploads/2019/01/wiseitTemp990731902887046458.jpg,,,
Mitsubishi Electric,"Yataro Iwasaki, Kei Uruma","149,655",-56,29,https://www.logan-inc.com/wp-content/uploads/2023/09/Mitsubishi_Electric_Heat-Cooling_White.png,TRUE,,
Northwestern Mutual,"John Johnston, Gary Taylor","8,323",-21,29,https://encrypted-tbn0.gstatic.com/images?q=tbn:ANd9GcSC3QAPJ1MZkZTVecACbRYN7PHLjs_dBmUKWivHg6QIhAKCUMWt,,,
Travelers Cos.,"James G. Batterson, Alan D. Schnitzer","32,175",1,20,https://pbs.twimg.com/profile_images/1379544188/black_umbrella_400x400.jpg,,,
Shougang Group,Zhu Jimin,"91,165",-82,12,https://upload.wikimedia.org/wikipedia/en/b/b5/Shougang_%28logo%29.png,,,
Hangzhou Iron and Steel Group,Shao Xun Chen,"11,771",-75,2,https://nwzimg.wezhan.cn/contents/sitefiles2037/10187198/images/15208606.jpg,,,
Xinjiang Zhongtai Group,Jiang Hong Yang,"42,193",22,2,https://image.made-in-china.com/318f0j00CTlUqtNKgDuB/NiLHSIZZN9dRYebhR2G-289831651192-hd-hq-mp4.webp,,,
Northrop Grumman,"Jack Northrop (deceased), Thomas V. Jones (deceased), Kathy Warden","95,000",-14,24,https://www.tramatm.com/_next/image?url=https%3A%2F%2Ftrama-static.s3.eu-central-1.amazonaws.com%2Fimages%2Fhall-of-fame%2Flogos%2F165-logo.png&w=3840&q=75,TRUE,,
Guangzhou Industrial Investment Holdings,Zhou Quianding,"88,022",–,1,"https://images.crunchbase.com/image/upload/c_pad,h_170,w_170,f_auto,b_white,q_auto:eco,dpr_2/fcqnahjhoqtmnzt6vngd",,,
Bank of Nova Scotia,L. Scott Thomson,"90,979",41,26,https://play-lh.googleusercontent.com/sRGJ2__K9zvzIoYrc9C792ap8J8h5LEtzrxeU2NBERHru8UTvICZ9ZKMQ_gFR61EL1Q,,,
Hapag-Lloyd,"Albert Ballin and Hapag, Rolf Habben Jansen","14,248",–,1,https://cdn.freebiesupply.com/logos/thumbs/2x/hapag-lloyd-1-logo.png,,,
USAA,Wayne Peacock,"36,820",-38,10,https://www.tramatm.com/_next/image?url=https%3A%2F%2Ftrama-static.s3.eu-central-1.amazonaws.com%2Fimages%2Fhall-of-fame%2Flogos%2F166-logo.png&w=3840&q=75,,,
Daiwa House Industry,"Nobuo Ishibashi, Keiichi Yoshii","49,768",-64,19,https://i.pinimg.com/736x/fc/32/81/fc3281243615d0fedd2e13e96ee67066.jpg,,,
Haier Smart Home,"Zhang Ruimin, Zhang Ruimin","109,586",-14,6,https://encrypted-tbn0.gstatic.com/images?q=tbn:ANd9GcQVo-EMa1hf-GkMnggO4JmVbXFyzYIJDZzVtA&s,,,
Compal Electronics,Martin Wong,"73,120",-103,12,https://ifdalivestorage.blob.core.windows.net/user-uploads/profile/2079/00000000-0000-0000-0000-000000000000/logo_1167_pt_logo.jpg,,,
Schneider Electric,"Eugène Schneider (deceased), Peter Herweck","135,000",-1,22,https://companieslogo.com/img/orig/SU.PA.D-d8bd8523.png?t=1720244494,TRUE,,
Finatis,Didier Lévêque,"188,864",-42,9,https://encrypted-tbn0.gstatic.com/images?q=tbn:ANd9GcScgn4-i3phsiwfu0RiLuVSaaRug7zAkh250g&s,,,
ELO Group,Aloísio Xavier,"166,397",-52,27,https://media.licdn.com/dms/image/D4D0BAQFIVA0Kp-fwsQ/company-logo_200_200/0/1721154211628/elo_group_logo?e=2147483647&v=beta&t=7Ma8FwCCsdKr2SN-v5o4QOXgXy0j9Y9CyrYBqN2lEeE,,,
Naturgy Energy Group,Francisco Reynés Massanet,"7,112",–,13,https://sitab.es/wp-content/uploads/2021/05/naturgy_logo-300x236.png,,,
Honeywell International,"Albert Butz (deceased), Mark C. Honeywell (deceased), Vimal Kapur","97,000",-8,29,https://logos-world.net/wp-content/uploads/2021/02/Honeywell-Logo-1980s-1991.png,,,
Guangzhou Pharmaceutical Holdings,Chuyuan Li,"35,057",41,3,https://cdn.healthtechalpha.com/static/corporatesById/1886.png,,,
Guangdong Guangxin Holdings,Tao Bai,"40,613",–,1,https://encrypted-tbn3.gstatic.com/images?q=tbn:ANd9GcQQEBoTnsh7Fhm_sh88D7yrpUwmjEw8-tjHwN0JW5KuN9KfLufC,,,
ACS,"Florentino Pérez, Florentino Pérez","116,702",-63,19,https://encrypted-tbn2.gstatic.com/images?q=tbn:ANd9GcRUot0tCnh0hf1H1o3l0Vygu6A5ZtKVLgHwj_1mUKN1TcNC_jkA,,,
Vibra Energia,Wilson Ferreira Junior,"3,364",–,1,https://cdn.cookielaw.org/logos/9ba66f95-1ff7-4be1-9696-5722e9763974/fc2b45ea-872f-4309-80b5-11b855532502/ea8e8114-5a3e-4076-8927-e9d632f80fc3/vlogo11-removebg-preview.png,TRUE,,
Anglo American,"Ernest Oppenheimer, Duncan Graham Wanblad","105,000",-99,22,https://companieslogo.com/img/orig/AAL.L.D-e189563c.png?t=1720244490,TRUE,,
Taikang Insurance Group,Chen Dongsheng,"59,011",-85,6,https://uspto.report/TM/79267496/mark,,,
Shaanxi Construction Engineering Holding,Qi Chen,"36,715",–,1,https://encrypted-tbn0.gstatic.com/images?q=tbn:ANd9GcTtGWJ0uiAxwRzaVzsOmAyI1r1ndNeyIjq3Yg&s,,,
Bank of Montreal,"Austin Cuvillier(deceased), Darryl White","46,722",–,13,https://yt3.googleusercontent.com/DKjGmgJARO0Qwuje-3C3iAheNuwiZ_rY-wJY-m10A58uE8yPTypT3r19rDfoBE7uXEAQ2qPD2g=s900-c-k-c0x00ffffff-no-rj,TRUE,,
CRRC Group,Sun Yongcai,"170,184",-49,5,https://wdo.org/wp-content/uploads/LOGO-3.png,,,
Coop Group,"Jean Jenny-Ryffel(deceased), Shirine Khoury-Haq","82,054",-7,14,https://represented.dk/wp-content/uploads/2022/06/Coop.svg,,,
TongLing Nonferrous Metals Group,Pei Jin Jiang,"21,797",-36,5,https://uspto.report/TM/97759971/mark.png,,,
SK Hynix,"Chung Ju-yung, Park Jung-ho","31,944",-64,5,https://pbs.twimg.com/profile_images/1631116069669847040/MLpWBCT4_400x400.jpg,,,
Shanghai Pharmaceuticals Holding,Cao Hua,"47,877",-8,4,https://encrypted-tbn3.gstatic.com/images?q=tbn:ANd9GcQO2kQKH8Icjs-alRSbfr44_3QxW8Y0cWOdwZnDg9LTrfZ2TMU0,,,
Lufthansa Group,Carsten Spohr,"93,083",–,27,https://seeklogo.com/images/L/Lufthansa-logo-089E111FBD-seeklogo.com.png,,,
Shandong Hi-Speed Group,Wang Xiaodong,"54,097",18,2,https://www.marketscreener.com/static/instruments-logo-6497387,,,
Suzuki Motor,"Michio Suzuki (deceased), Toshihiro Suzuki","70,012",8,29,https://i.ebayimg.com/images/g/cI8AAOxyVaBS-J2y/s-l1200.webp,,,
Mitsubishi Chemical Group,"Yataro Iwasaki (deceased), Manabu Chikumoto","68,639",-41,29,https://2bmsoftware.com/wp-content/uploads/2021/12/Mitsubishi.png,TRUE,,
3M,"William McKnight (deceased), John Dwan (deceased), Michael F. Roman","92,000",-41,29,https://logowik.com/content/uploads/images/3m-black-old4018.logowik.com.webp,,,
Inditex,"Amancio Ortega, Óscar García Maceiras","116,323",-6,7,https://imgraftmaroc.es/wp-content/uploads/2023/11/WhatsApp-Image-2023-11-19-at-21.16.39_9fbe9fd0.jpg,,,
British American Tobacco,"James Buchanan Duke (deceased), Tadeu Marroco","52,077",-42,26,https://companieslogo.com/img/orig/BTI.D-e6d688b1.png?t=1720244491,TRUE,,
US Foods Holding,David E. Flitman,"29,000",39,6,https://companieslogo.com/img/orig/USFD_BIG.D-cff4ee46.png?t=1720244494,TRUE,,
Sompo Holdings,Kengo Sakurada,"49,057",-64,27,https://seeklogo.com/images/S/sompo-logo-4DA4A389C2-seeklogo.com.png,,,
Magnit,"Sergei Galitsky, Jan Dunning","361,000",–,1,https://www.matternow.com/wp-content/uploads/2023/03/magnit-tm-logo-rev-white.png,TRUE,,
Warner Bros. Discovery,David Zaslav,"37,500",–,1,https://seeklogo.com/images/W/warner-bros-logo-24B3882E2B-seeklogo.com.png,,,
Lennar,"Leonard Miller (deceased), Arnold P. Rosen (deceased), Stuart Miller","12,012",–,3,https://app.cdn.lookbookhq.com/lbhq-production/186/thumbnails/original/fb6ff897-fc6d-4a2a-a9a2-96e7e2174b30.png,TRUE,,
Shanghai Delong Steel Group,Ding Liguo,"46,403",18,2,https://encrypted-tbn0.gstatic.com/images?q=tbn:ANd9GcT5RLq4dannBgTc0iXRH6behgzJSjZP2Fd9RhgtFw-hVpnbGNdkMhts_uMO0KJx2hHKcy8&usqp=CAU,,,
La Poste,Philippe Wahl,"121,033",-74,18,https://encrypted-tbn0.gstatic.com/images?q=tbn:ANd9GcQe0jh_M3Kx7lOtDB30Jl4FcAxaKxwaxdhiJw&s,,,
CK Hutchison Holdings,"Li Ka-shing, Victor Li Tzar-kuoi","300,000",-60,8,https://upload.wikimedia.org/wikipedia/commons/thumb/8/82/Cheung_Kong_Holdings.svg/220px-Cheung_Kong_Holdings.svg.png,,,
Fomento Económico Mexicano,Eduardo Padilla Silva,"354,309",–,4,https://companieslogo.com/img/orig/FMX.D-1fe5d520.png?t=1720244491,TRUE,,
D.R. Horton,"Donald R. Horton (deceased), Mr. Romanowsk","13,237",–,3,https://fifthwall.com/system/uploads/fae/image/asset/365/L1_DRH-CO_Logo_White_1500W.png,TRUE,,
Jabil,"James Golden (deceased), William Morean (deceased), Kenny Wilson","250,000",34,3,https://www.tramatm.com/_next/image?url=https%3A%2F%2Ftrama-static.s3.eu-central-1.amazonaws.com%2Fimages%2Fhall-of-fame%2Flogos%2F172-logo.png&w=3840&q=75,TRUE,,
Samsung C&T,"Lee Byung-chul (deceased),Sechul Oh","17,647",17,7,https://encrypted-tbn2.gstatic.com/images?q=tbn:ANd9GcSp8wXdEyqqlFM2bNQhI0xxmYvrcGR83O5KYRv3G2tIAEk4oyr6,,,
Cheniere Energy,"Charif Souki (deceased), Martin Houston (deceased), Jack Fusco","1,551",–,1,https://www.tramatm.com/_next/image?url=https%3A%2F%2Ftrama-static.s3.eu-central-1.amazonaws.com%2Fimages%2Fhall-of-fame%2Flogos%2F173-logo.png&w=3840&q=75,TRUE,,
CRH,"Tom and Donal Roche, Albert Manifold","75,800",1,20,https://www.shutterstock.com/image-vector/crh-logo-design-inspiration-unique-600nw-2340551657.jpg,,,
Linde,"Carl von Linde (deceased), Sanjiv Lamba","65,010",3,4,https://cdn.freebiesupply.com/logos/large/2x/linde-logo-black-and-white.png,,,
DSV,"Leif Tullberg, Jens Bjørn Anderse","76,283",35,2,https://dashboards.dsv.com/img/dsv-logo.png,TRUE,,
Broadcom,"Henry Thompson Nicholas II, Hock Tan","20,000",–,1,https://static-00.iconduck.com/assets.00/broadcom-icon-512x512-e36zj9t6.png,,,
Wistron,"Simon Lin, Jeff Lin","65,000",-1,8,https://eyesafe.com/wp-content/uploads/2020/05/Wlogo_BG_Rwhite-1024x488.png,TRUE,,
Anhui Conch Group,Jun Yang,"61,637",-111,5,https://lobbymap.org/site//data/001/361/1361241.png,,,
Beijing Jianlong Heavy Industry Group,Zhang Zhixiang,"56,300",-102,3,https://www.chinacnd.com/upfiles/business/202406/2024068465823371.png,,,
Hunan Iron & Steel Group,Mao Hui Ren,"35,492",-45,2,https://nwzimg.wezhan.net/contents/sitefiles3605/18026178/images/8912469.png,,,
Meituan,"Wang Xing,Wang Xing","91,932",–,1,https://encrypted-tbn0.gstatic.com/images?q=tbn:ANd9GcQFUNgOmmbhII46vRkzWkjZFF3Lul9eOaWicw&s,,,
Lu’an Chemical Group,Wang Zhiqing,"109,599",-46,10,https://www.carbonenergy.com.cn/assets/16-C5fLzSED.jpg,,,
Compass Group,"Jack Bateman, Dominic Blakemore","513,707",–,21,"https://img.vendingmarketwatch.com/files/base/cygnus/vmw/image/2011/06/compassgrouplogo_10286798.png?auto=format,compress&fit=max&q=45&w=640&width=640",,,
Aisin,"Kiichiro Toyoda, Moritaka Yoshida","116,649",-61,22,https://www.aisin.com.sg/wp-content/themes/aisin/img/tempt/logo_new.png,TRUE,,
Canadian Natural Resources,"-N. Murray Edwards, Markin, Tim McKay","10,035",–,1,https://i.pinimg.com/736x/d1/68/16/d168164e078bfe1a875a068dbf9146d0.jpg,,,
SAP,"Dietmar Hopp, Christian Klein","111,961",-39,8,https://theartian.com/wp-content/uploads/2021/05/SAP-LOGO-BLACK.png,,,
Starbucks,"Jerry Baldwin, Zev Siegl, Gordon Bowker, Laxman Narasimhan","402,000",19,3,https://cdn.iconscout.com/icon/free/png-256/free-starbucks-3215495-2673913.png?f=webp&w=256,,,
Metro,"Ernst Schmidt, Wilhelm Schmidt-Ruthenbeck, Steffen Greubel","86,910",8,6,https://encrypted-tbn0.gstatic.com/images?q=tbn:ANd9GcTu2tLDxmj2LR7MIODo3DU8WeQDuwhuavnwKw&s,,,
Molina Healthcare,"C. David Molina (deceased), Joe Zubretsky","15,000",–,1,https://companieslogo.com/img/orig/MOH_BIG.D-5e2f9746.png?t=1720244492,TRUE,,
Tongwei Group,"Liu Hanyuan,Shu Qi Liu","42,381",–,1,https://dedjh0j7jhutx.cloudfront.net/1693310889635127296%2F26e025bf-8629-4ae1-997b-5b78e3830d06.webp,,,
Uber Technologies,"Garrett Camp, Travis Kalanick, Dara Khosrowshahi","32,800",–,1,https://upload.wikimedia.org/wikipedia/commons/c/cc/Uber_logo_2018.png,,,
New China Life Insurance,Yu Cheng Yang,"32,564",-62,5,https://media.licdn.com/dms/image/C4D0BAQEso0BF8rmsOg/company-logo_200_200/0/1631353107310?e=2147483647&v=beta&t=lF4XuCCZXgH4eroS9JHCbgb_eiXBR8xFPI1yyV9QLiI,,,
Luxshare Precision Industry,"Grace Wang, Guo Dongsheng, Wang Laichun","236,932",–,1,https://r.ipsearch.vn/trademarks/2019/4201936212.jpg,,,
Philip Morris International,"Philip Morris (deceased), Jacek Olczak","79,800",-26,15,https://seeklogo.com/images/P/philip-morris-logo-D236BDEDBE-seeklogo.com.png,,,
CJ Corp.,"Lee Byung-chul, Sohn Kyung-Shik","67,361",-9,6,https://media.licdn.com/dms/image/C560BAQHRH_JqjRph_g/company-logo_200_200/0/1647330068534/cj_corporation_logo?e=2147483647&v=beta&t=s5ZcWIT5cwK_oOecDfYPkdnBCfyg0SSzcSIJwtUO1qQ,,,
Medtronic,"Earl Bakken (deceased), Palmer Hermundslie (deceased), Geoff Martha","95,000",-9,7,https://encrypted-tbn0.gstatic.com/images?q=tbn:ANd9GcRjgc1gNM036s4mkTqBnwgfpOGgv92zr-pnzw&s,TRUE,,
China National Aviation Fuel Group,Zhou Jiping,"13,796",-69,12,https://img.imsilkroad.com//a/10005/201907/5efb49e7a7e0204209f133f7cc1f04a8.jpeg,,,
Netflix,"Reed Hastings, Marc Randolph (both co-founders), Greg Peters, Ted Sarandos","12,800",-3,3,https://images.ctfassets.net/y2ske730sjqp/2psbeTanEkNNtnizCr9IrG/a1ba11ec4046fbcef6b217ef4ca242fb/BrandAssets_Logos_06-SpecialUse_02.jpg?w=460,,,
Migros Group,"Gottlieb Duttweiler (deceased), Fabrice Zumbrunnen","70,880",-35,29,https://upload.wikimedia.org/wikipedia/commons/thumb/e/e8/Migros.svg/440px-Migros.svg.png,,,
NRG Energy,"Seth Allen,Larry Coben","6,603",–,1,https://encrypted-tbn0.gstatic.com/images?q=tbn:ANd9GcRfjSoEUpv8KU3G6lyJR55rrfIqXOTZw1n2Iw&s,,,
Mondelēz International,"James L. Kraft (deceased), Thomas H. McInnerney (deceased), Dirk Van de Put","91,000",11,16,https://1000logos.net/wp-content/uploads/2020/09/Mondelez-Logo.jpg,,,
Air Liquide,"Paul Delorme(deceased), François Jackow","67,109",–,3,https://www.elneo.com/sites/default/files/customer-logo/logo.png,,,
Danaher,"Steven Rales, Mitchell Rales, Rainer M. Blair","80,000",-3,2,https://trama-static.s3.eu-central-1.amazonaws.com/images/hall-of-fame/logos/181-logo.png,,,
Siemens Energy,"Werner von Siemens(deceased), -Ing. Christian Bruch","92,000",-67,3,https://encrypted-tbn0.gstatic.com/images?q=tbn:ANd9GcRmN13NBfQ0hWSABpQDihMU4R4mvPsf-I8log&s,,,
Salesforce,"Marc Russell Benioff, Marc Russell Benioff","79,390",–,1,https://static-00.iconduck.com/assets.00/salesforce-icon-2048x1435-wvc0jgh9.png,,,
Paramount Global,"Adolph Zukor, Bob Bakish","27,400",-9,15,https://i.pinimg.com/736x/70/d5/c0/70d5c0265fb175ec19ba9c0ab7d3292d.jpg,,,
Chengdu Xingcheng Investment Group,Ren Zhineng,"39,094",-27,2,https://encrypted-tbn0.gstatic.com/images?q=tbn:ANd9GcTInTogE3Hj2MmB65ONm1lKAeKM7hnG_YWSSQ&s,,,
Bridgestone,"Shojiro Ishibashi(deceased), Shuichi Ishibashi","129,260",-10,29,https://cdn-icons-png.freepik.com/512/5968/5968633.png,,,
Guangxi Investment Group,Lian Zhou,"33,856",-50,4,https://cdn.tracxn.com/images/seo/social/venture-capital/guangxi-investment-group-team-1719359199763.webp,,,
Samsung Life Insurance,Jeon Young Muk,"5,224",-32,27,https://www.logo.wine/a/logo/Samsung_Fire_%26_Marine_Insurance/Samsung_Fire_%26_Marine_Insurance-Logo.wine.svg,,,
Sumitomo Life Insurance,Yukinori Takada,"45,336",-55,29,https://cdn.worldvectorlogo.com/logos/sumitomo.svg,,,
CarMax,"Richard L. Sharp(deceased), Bill Nash","30,621",-66,2,https://images.seeklogo.com/logo-png/52/1/carmax-logo-png_seeklogo-520364.png,,,
Mitsubishi Heavy Industries,"Iwasaki Yatarō, Seiji Izumisawa","76,859",-81,29,https://img2.freepng.fr/20180816/opj/kisspng-mitsubishi-motors-mitsubishi-heavy-industries-ltd-5b7560b71c34c8.3176291115344191271155.jpg,,,
Xinjiang Guanghui Industry Investment,Xiao Yong Wu,"74,069",-47,,"https://images.crunchbase.com/image/upload/c_pad,h_256,w_256,f_auto,q_auto:eco,dpr_1/63d47042dbd24ed894fe",,,